order_id,date,arrival_ timestamp,asian foods,bakery desserts,baking ingredients,bread,breakfast bakery,breakfast bars pastries,bulk dried fruits vegetables,bulk grains rice dried goods,buns rolls,butter,total
3275833,1/6/2019,12:03:17 AM,0,1,4,0,0,0,0,0,1,0,6
2684070,1/6/2019,4:17:37 AM,0,0,0,1,0,0,0,0,0,0,1
1563544,1/6/2019,7:04:28 AM,0,0,0,1,0,0,0,0,0,0,1
2352963,1/6/2019,7:43:03 AM,1,0,0,1,0,0,0,0,1,0,3
2556803,1/6/2019,8:11:27 AM,0,0,0,0,0,0,0,0,0,1,1
1810476,1/6/2019,8:29:48 AM,0,0,0,0,0,0,1,0,0,0,1
1308621,1/6/2019,8:50:44 AM,0,0,0,0,1,0,0,0,0,0,1
3141229,1/6/2019,9:08:10 AM,0,0,1,1,0,0,0,0,0,0,2
1713211,1/6/2019,9:18:39 AM,0,0,1,0,0,0,0,0,0,0,1
3307630,1/6/2019,9:35:00 AM,0,0,0,1,0,0,0,0,0,1,2
2230086,1/6/2019,9:50:47 AM,0,0,1,1,0,0,0,0,0,0,2
2452576,1/6/2019,10:04:46 AM,0,0,0,1,0,0,0,0,0,0,1
2538136,1/6/2019,10:18:43 AM,0,0,1,0,1,0,0,0,0,0,2
2742385,1/6/2019,10:30:02 AM,0,0,2,0,0,0,0,0,0,0,2
2538641,1/6/2019,10:40:51 AM,0,0,0,1,0,0,0,0,0,0,1
1044084,1/6/2019,10:57:22 AM,1,0,0,0,0,0,0,0,0,0,1
2111036,1/6/2019,11:08:20 AM,0,0,0,2,0,0,0,0,2,0,4
685513,1/6/2019,11:22:37 AM,0,0,0,1,0,0,0,0,0,0,1
2638871,1/6/2019,11:32:56 AM,0,0,0,0,0,0,0,0,1,0,1
2998945,1/6/2019,11:47:19 AM,0,0,0,1,0,0,0,0,1,0,2
2463985,1/6/2019,12:02:07 PM,0,0,1,0,0,0,0,0,0,0,1
2022988,1/6/2019,12:15:59 PM,0,0,0,0,1,0,0,0,0,0,1
2465981,1/6/2019,12:26:53 PM,0,0,1,0,0,0,0,0,0,1,2
3407782,1/6/2019,12:34:48 PM,0,0,1,1,0,0,0,0,0,0,2
2193208,1/6/2019,12:48:01 PM,0,1,0,0,0,0,0,0,0,0,1
454137,1/6/2019,1:00:46 PM,0,0,0,0,0,0,0,0,1,0,1
1589657,1/6/2019,1:10:41 PM,0,0,0,0,0,1,0,0,0,0,1
2823405,1/6/2019,1:22:42 PM,0,0,0,0,0,0,0,0,0,1,1
2114051,1/6/2019,1:32:26 PM,0,0,1,0,0,0,0,0,0,0,1
1947470,1/6/2019,1:44:55 PM,0,0,0,1,0,0,0,0,0,0,1
3144773,1/6/2019,1:53:56 PM,0,0,1,1,0,0,0,0,0,0,2
769050,1/6/2019,2:02:43 PM,0,0,0,0,0,0,0,0,0,1,1
2674557,1/6/2019,2:14:46 PM,0,0,1,0,0,0,0,0,0,0,1
139755,1/6/2019,2:23:32 PM,1,0,0,0,0,0,0,0,1,0,2
3051232,1/6/2019,2:33:30 PM,0,0,0,1,0,0,0,0,0,0,1
2526780,1/6/2019,2:44:39 PM,0,0,0,0,0,0,0,0,0,1,1
2714450,1/6/2019,2:53:51 PM,0,0,0,1,0,0,0,0,0,0,1
2386441,1/6/2019,3:04:00 PM,0,0,0,1,0,0,0,0,0,0,1
2176169,1/6/2019,3:16:22 PM,0,0,2,0,0,0,0,0,0,0,2
824383,1/6/2019,3:29:08 PM,1,0,0,0,0,0,0,0,0,2,3
333900,1/6/2019,3:38:43 PM,0,0,0,0,0,0,0,0,2,0,2
2819184,1/6/2019,3:48:35 PM,0,0,1,0,0,0,0,0,0,0,1
1358621,1/6/2019,3:57:51 PM,0,0,1,0,0,0,0,0,0,0,1
1016456,1/6/2019,4:13:20 PM,0,0,0,1,0,0,0,0,0,0,1
1490458,1/6/2019,4:24:42 PM,0,0,0,0,1,0,0,0,1,0,2
1086327,1/6/2019,4:37:01 PM,0,0,1,0,0,0,0,0,0,0,1
2971841,1/6/2019,4:49:00 PM,1,0,0,0,0,0,0,0,1,0,2
3234158,1/6/2019,5:02:08 PM,0,0,0,1,0,0,0,0,0,0,1
3245134,1/6/2019,5:18:43 PM,1,0,0,0,0,0,0,0,0,0,1
2222000,1/6/2019,5:34:30 PM,0,0,0,1,1,0,0,0,1,0,3
2082625,1/6/2019,5:45:20 PM,0,0,0,1,0,0,0,0,0,1,2
2044031,1/6/2019,5:55:02 PM,0,0,0,0,1,0,0,0,0,0,1
3323088,1/6/2019,6:05:31 PM,1,0,0,0,0,0,0,0,0,0,1
2153433,1/6/2019,6:22:58 PM,0,0,1,0,1,0,0,0,0,0,2
1240090,1/6/2019,6:35:23 PM,0,1,1,0,0,0,0,0,0,1,3
477337,1/6/2019,6:50:54 PM,0,0,1,0,0,0,0,0,0,0,1
1335994,1/6/2019,7:09:55 PM,0,0,1,0,0,0,0,1,0,0,2
3063147,1/6/2019,7:31:42 PM,0,0,0,1,0,0,0,0,0,0,1
2208158,1/6/2019,7:47:03 PM,0,0,1,1,0,0,0,0,0,0,2
2635570,1/6/2019,8:19:44 PM,0,0,0,2,0,0,0,0,1,0,3
1490112,1/6/2019,8:52:43 PM,0,0,0,2,0,0,0,0,0,0,2
910121,1/6/2019,9:25:09 PM,1,0,0,0,0,0,0,0,0,0,1
1980624,1/6/2019,10:12:04 PM,0,0,0,1,1,0,0,0,0,1,3
2127661,1/6/2019,11:25:58 PM,0,0,0,1,0,0,0,0,0,0,1
2154275,2/6/2019,12:21:56 AM,0,0,1,0,1,0,0,0,0,1,3
1923111,2/6/2019,5:02:31 AM,0,0,1,0,0,0,0,0,0,0,1
832627,2/6/2019,7:05:37 AM,0,0,0,0,0,1,0,0,0,0,1
3219079,2/6/2019,7:43:15 AM,0,0,0,0,0,0,0,0,1,0,1
439833,2/6/2019,8:11:44 AM,0,0,0,1,0,0,0,0,0,0,1
3311787,2/6/2019,8:30:27 AM,0,0,0,1,0,0,0,0,0,1,2
1499914,2/6/2019,8:51:42 AM,0,0,2,0,0,0,0,0,0,0,2
709317,2/6/2019,9:08:42 AM,0,0,1,0,0,0,0,0,0,0,1
3321739,2/6/2019,9:19:27 AM,0,0,0,1,1,0,0,0,0,1,3
386283,2/6/2019,9:35:04 AM,0,0,0,0,0,1,0,0,0,0,1
2752275,2/6/2019,9:51:39 AM,0,0,0,1,0,0,0,0,0,0,1
1638963,2/6/2019,10:05:10 AM,1,0,0,0,0,0,0,0,0,0,1
3417904,2/6/2019,10:19:05 AM,0,0,2,0,0,0,0,0,0,0,2
2366895,2/6/2019,10:30:12 AM,0,0,1,0,0,0,0,0,0,1,2
2686073,2/6/2019,10:41:08 AM,0,0,0,0,0,0,0,0,0,1,1
2334146,2/6/2019,10:57:34 AM,0,0,0,1,0,0,1,0,0,0,2
2111433,2/6/2019,11:08:22 AM,0,0,2,0,0,0,0,0,0,0,2
2890510,2/6/2019,11:22:37 AM,0,0,2,0,0,0,0,0,0,0,2
2938460,2/6/2019,11:33:02 AM,0,0,0,0,1,0,0,0,0,0,1
1218028,2/6/2019,11:47:55 AM,0,0,0,1,0,0,0,0,0,0,1
160435,2/6/2019,12:02:35 PM,0,0,1,0,0,0,0,0,0,0,1
1690441,2/6/2019,12:16:05 PM,0,0,0,1,0,0,0,0,0,0,1
2005281,2/6/2019,12:27:04 PM,0,0,0,0,0,0,0,0,0,1,1
849992,2/6/2019,12:34:56 PM,0,0,0,1,0,0,0,0,0,0,1
273538,2/6/2019,12:49:32 PM,0,0,0,1,0,0,0,0,0,0,1
2499593,2/6/2019,1:00:49 PM,0,0,0,0,0,0,0,0,0,1,1
2950266,2/6/2019,1:10:47 PM,0,0,3,0,0,0,0,0,0,0,3
1747911,2/6/2019,1:22:42 PM,0,0,0,0,1,0,0,0,0,0,1
2367763,2/6/2019,1:33:13 PM,1,0,0,2,0,0,0,0,0,0,3
2533428,2/6/2019,1:45:47 PM,0,0,0,0,0,1,0,0,0,0,1
2823286,2/6/2019,1:54:09 PM,0,0,0,0,0,1,0,0,0,0,1
1061210,2/6/2019,2:03:10 PM,0,0,1,0,0,0,0,0,0,0,1
2142814,2/6/2019,2:15:20 PM,0,0,0,0,1,0,0,0,0,0,1
2720989,2/6/2019,2:23:41 PM,0,1,0,0,0,0,0,0,0,0,1
2239808,2/6/2019,2:33:57 PM,0,0,0,1,0,0,0,0,0,0,1
388268,2/6/2019,2:44:39 PM,0,0,0,1,0,0,0,0,0,1,2
2008371,2/6/2019,2:54:14 PM,0,0,1,0,0,0,0,0,0,0,1
3044839,2/6/2019,3:04:04 PM,0,0,1,0,0,0,0,0,0,0,1
517712,2/6/2019,3:18:49 PM,0,0,0,0,0,0,0,0,0,1,1
2204722,2/6/2019,3:29:28 PM,0,0,0,0,0,1,0,0,0,0,1
1357382,2/6/2019,3:38:45 PM,0,0,0,1,0,0,0,0,0,0,1
1051553,2/6/2019,3:48:49 PM,0,0,1,0,0,0,0,0,0,0,1
480827,2/6/2019,3:57:57 PM,0,0,0,0,0,0,0,0,0,1,1
1769048,2/6/2019,4:14:38 PM,0,0,1,0,0,0,0,0,0,0,1
2351843,2/6/2019,4:24:45 PM,0,0,1,0,0,0,0,0,0,0,1
2316715,2/6/2019,4:37:03 PM,1,0,0,0,0,0,0,0,1,0,2
574845,2/6/2019,4:49:15 PM,0,0,0,1,1,0,0,0,0,0,2
2189094,2/6/2019,5:02:37 PM,0,0,0,0,0,0,0,0,0,1,1
845773,2/6/2019,5:18:55 PM,0,0,0,1,1,0,0,0,0,0,2
3087074,2/6/2019,5:34:47 PM,0,0,0,1,0,0,0,0,0,0,1
2390127,2/6/2019,5:46:23 PM,0,0,0,2,0,0,0,0,0,0,2
441310,2/6/2019,5:55:18 PM,0,0,0,1,0,0,0,0,0,0,1
3208389,2/6/2019,6:05:48 PM,0,0,3,0,0,0,0,0,0,0,3
3115983,2/6/2019,6:23:51 PM,0,0,0,1,0,0,0,0,0,0,1
2820116,2/6/2019,6:35:39 PM,0,0,0,1,0,0,0,0,0,0,1
901917,2/6/2019,6:51:25 PM,0,0,2,0,0,0,0,0,0,0,2
1440438,2/6/2019,7:10:03 PM,0,0,0,2,0,0,0,0,0,0,2
2078059,2/6/2019,7:32:27 PM,0,0,0,0,0,0,0,0,0,2,2
487191,2/6/2019,7:47:16 PM,0,0,0,0,0,0,0,0,0,1,1
624736,2/6/2019,8:20:12 PM,0,0,0,1,0,0,0,0,0,0,1
2145042,2/6/2019,8:53:06 PM,0,0,0,1,0,0,0,0,0,0,1
1893508,2/6/2019,9:25:45 PM,0,0,0,0,0,0,0,1,0,0,1
1709492,2/6/2019,10:13:22 PM,0,0,0,0,0,0,0,0,0,1,1
2115744,2/6/2019,11:26:57 PM,1,0,0,0,0,0,0,0,0,0,1
2390228,3/6/2019,12:24:55 AM,0,0,0,0,0,0,0,0,2,0,2
2056970,3/6/2019,5:04:10 AM,0,0,0,1,1,0,0,0,0,0,2
1870746,3/6/2019,7:07:00 AM,0,0,0,2,1,0,0,0,0,0,3
1075177,3/6/2019,7:43:28 AM,0,0,1,1,0,0,0,0,0,0,2
217952,3/6/2019,8:12:33 AM,0,2,0,0,0,0,0,0,0,0,2
965923,3/6/2019,8:30:33 AM,0,0,0,1,0,0,0,0,0,0,1
3204375,3/6/2019,8:53:01 AM,1,0,0,1,0,0,0,0,0,0,2
60635,3/6/2019,9:08:45 AM,0,1,0,1,0,0,0,0,0,0,2
2994258,3/6/2019,9:19:39 AM,0,0,0,0,0,0,0,0,0,1,1
2322680,3/6/2019,9:35:19 AM,2,0,0,0,0,0,0,0,0,0,2
27115,3/6/2019,9:52:19 AM,0,0,0,0,0,0,0,0,0,2,2
1088350,3/6/2019,10:05:27 AM,0,0,0,0,0,0,1,0,0,0,1
837592,3/6/2019,10:19:48 AM,0,0,1,0,0,0,0,0,0,0,1
464531,3/6/2019,10:30:12 AM,0,0,0,0,1,0,0,0,0,0,1
2133684,3/6/2019,10:41:20 AM,0,1,0,0,0,0,0,0,0,0,1
1991438,3/6/2019,10:57:41 AM,1,0,0,0,0,0,0,0,0,0,1
1180828,3/6/2019,11:09:01 AM,0,0,0,0,0,1,0,0,0,0,1
1958501,3/6/2019,11:22:47 AM,0,0,0,1,0,0,0,0,0,0,1
3158747,3/6/2019,11:33:03 AM,0,0,0,1,0,0,0,0,0,0,1
2606496,3/6/2019,11:48:50 AM,0,0,2,1,0,0,0,0,0,0,3
1409253,3/6/2019,12:03:03 PM,0,0,0,1,0,0,0,0,0,0,1
120228,3/6/2019,12:16:35 PM,0,0,0,0,0,0,0,0,1,0,1
1716780,3/6/2019,12:27:10 PM,0,0,0,1,0,0,0,0,0,0,1
3069692,3/6/2019,12:35:15 PM,1,0,0,0,0,0,0,0,0,1,2
800248,3/6/2019,12:49:33 PM,0,0,0,0,0,0,0,0,1,0,1
2713918,3/6/2019,1:00:53 PM,0,0,0,1,0,0,0,0,1,1,3
658815,3/6/2019,1:10:51 PM,0,0,0,1,0,0,0,0,0,0,1
2740186,3/6/2019,1:23:10 PM,0,0,0,1,0,0,0,0,0,0,1
1104723,3/6/2019,1:33:43 PM,0,0,1,0,0,0,0,0,0,1,2
2196369,3/6/2019,1:46:19 PM,0,0,0,0,0,0,0,0,0,1,1
515694,3/6/2019,1:54:36 PM,0,0,0,2,0,1,0,0,0,0,3
888702,3/6/2019,2:03:12 PM,0,0,1,0,0,0,0,0,0,0,1
3420158,3/6/2019,2:15:52 PM,0,0,0,0,0,1,0,0,0,0,1
1153425,3/6/2019,2:24:42 PM,0,0,0,0,0,1,0,0,0,0,1
3067196,3/6/2019,2:34:29 PM,0,0,0,1,0,0,0,0,0,2,3
798176,3/6/2019,2:44:51 PM,1,0,0,0,0,0,0,0,0,0,1
411108,3/6/2019,2:54:23 PM,1,0,0,0,0,2,0,0,0,1,4
2957887,3/6/2019,3:04:06 PM,0,0,0,1,1,0,0,0,0,0,2
2200260,3/6/2019,3:18:52 PM,0,0,0,1,0,0,0,0,0,0,1
2543350,3/6/2019,3:29:43 PM,0,0,0,1,0,0,0,0,0,0,1
1238511,3/6/2019,3:38:58 PM,0,0,1,0,0,0,0,0,0,0,1
867276,3/6/2019,3:49:29 PM,0,0,1,0,0,0,0,0,1,1,3
289882,3/6/2019,3:58:52 PM,0,0,0,0,0,1,0,0,0,0,1
953006,3/6/2019,4:15:29 PM,0,0,1,0,0,0,0,0,0,0,1
1863720,3/6/2019,4:25:12 PM,0,0,1,0,0,0,0,0,0,0,1
2262148,3/6/2019,4:37:20 PM,1,0,0,1,0,0,0,0,0,0,2
1420448,3/6/2019,4:49:19 PM,0,0,0,0,0,0,0,0,0,1,1
1062871,3/6/2019,5:03:36 PM,0,0,0,1,0,0,0,0,0,0,1
1003235,3/6/2019,5:18:58 PM,0,0,0,1,0,0,0,0,0,0,1
2550927,3/6/2019,5:35:01 PM,0,0,0,1,0,0,0,0,0,0,1
732301,3/6/2019,5:46:25 PM,0,0,0,1,1,0,0,0,0,0,2
1229877,3/6/2019,5:55:59 PM,0,0,0,0,1,0,0,0,0,0,1
3326481,3/6/2019,6:07:30 PM,0,0,0,1,0,0,0,0,0,0,1
401745,3/6/2019,6:24:49 PM,0,0,0,3,0,0,0,0,0,1,4
3065294,3/6/2019,6:35:43 PM,0,0,0,0,0,0,0,0,1,0,1
568799,3/6/2019,6:51:36 PM,0,0,1,0,0,0,0,0,0,0,1
915353,3/6/2019,7:11:10 PM,0,0,0,0,0,0,0,0,1,0,1
3154647,3/6/2019,7:33:34 PM,0,0,0,1,0,0,0,0,0,0,1
964075,3/6/2019,7:47:47 PM,0,0,0,1,1,0,0,0,0,0,2
2389233,3/6/2019,8:22:44 PM,0,0,0,0,2,0,0,0,1,0,3
633156,3/6/2019,8:53:33 PM,0,0,0,0,2,1,0,0,1,0,4
1701162,3/6/2019,9:29:49 PM,0,0,0,0,0,0,0,0,0,1,1
692808,3/6/2019,10:13:32 PM,0,0,0,1,0,0,0,0,1,0,2
2847756,3/6/2019,11:32:22 PM,0,0,0,1,0,0,0,0,0,0,1
1283493,4/6/2019,12:38:34 AM,0,0,1,1,0,0,0,0,0,0,2
2150433,4/6/2019,5:23:43 AM,0,0,1,0,0,2,0,0,0,1,4
3332607,4/6/2019,7:09:41 AM,0,0,0,1,0,0,0,0,0,0,1
3017980,4/6/2019,7:45:06 AM,0,0,0,1,0,0,0,0,0,0,1
3097248,4/6/2019,8:14:07 AM,0,0,0,1,0,0,0,0,0,0,1
1323847,4/6/2019,8:30:42 AM,0,0,0,0,0,1,0,0,0,0,1
1993977,4/6/2019,8:53:22 AM,0,0,1,0,0,0,0,0,0,0,1
284363,4/6/2019,9:08:51 AM,0,0,0,1,0,0,0,0,1,0,2
2978821,4/6/2019,9:19:58 AM,1,0,0,0,0,0,0,0,0,0,1
1056320,4/6/2019,9:36:07 AM,0,0,0,1,0,0,0,0,1,0,2
281454,4/6/2019,9:52:19 AM,0,0,0,1,0,0,0,0,0,0,1
1723061,4/6/2019,10:05:47 AM,0,0,0,1,0,0,0,0,0,1,2
183352,4/6/2019,10:20:13 AM,0,0,0,0,0,0,0,0,0,1,1
2107927,4/6/2019,10:30:43 AM,0,0,0,2,0,0,0,0,0,0,2
2279293,4/6/2019,10:41:45 AM,0,0,0,0,0,0,0,0,0,1,1
621694,4/6/2019,10:58:39 AM,0,0,0,1,0,1,0,0,0,0,2
2591388,4/6/2019,11:09:03 AM,0,0,0,1,0,0,0,0,0,0,1
171269,4/6/2019,11:22:58 AM,0,0,0,1,0,0,0,0,0,0,1
1125247,4/6/2019,11:33:17 AM,0,0,0,1,0,0,0,0,0,0,1
2573941,4/6/2019,11:49:20 AM,0,0,1,0,0,0,0,0,0,0,1
2744398,4/6/2019,12:03:49 PM,0,0,0,1,0,0,0,0,0,0,1
1005091,4/6/2019,12:16:54 PM,0,0,0,0,0,1,0,0,0,0,1
2405987,4/6/2019,12:27:31 PM,0,0,1,0,0,0,0,0,0,0,1
369020,4/6/2019,12:35:25 PM,0,0,0,0,0,1,0,0,0,0,1
1897609,4/6/2019,12:49:36 PM,0,0,0,1,0,0,0,0,0,0,1
1884326,4/6/2019,1:01:08 PM,0,0,0,0,0,0,0,0,0,1,1
1043105,4/6/2019,1:11:01 PM,0,0,0,1,0,0,0,0,0,0,1
113406,4/6/2019,1:23:29 PM,0,0,0,1,0,0,0,0,0,0,1
2138242,4/6/2019,1:34:03 PM,0,0,0,1,0,0,0,0,0,0,1
696736,4/6/2019,1:46:21 PM,0,0,0,1,0,0,0,0,0,1,2
3363799,4/6/2019,1:54:55 PM,0,0,0,0,0,0,0,0,1,0,1
130920,4/6/2019,2:04:07 PM,2,0,2,0,1,0,0,0,0,0,5
1217144,4/6/2019,2:15:56 PM,0,0,0,1,0,0,0,0,0,0,1
50499,4/6/2019,2:25:40 PM,0,0,0,0,0,0,0,0,1,0,1
3370158,4/6/2019,2:35:02 PM,0,0,1,0,0,0,0,0,0,0,1
202415,4/6/2019,2:45:23 PM,0,0,0,1,0,0,0,0,0,0,1
2875694,4/6/2019,2:54:38 PM,0,0,0,1,1,0,0,0,0,0,2
1061320,4/6/2019,3:04:28 PM,0,0,0,1,0,0,0,0,0,0,1
1033341,4/6/2019,3:19:04 PM,0,0,0,0,0,0,0,0,0,1,1
2113509,4/6/2019,3:29:49 PM,0,0,6,0,1,0,0,0,0,0,7
2964739,4/6/2019,3:39:27 PM,1,0,0,0,0,0,0,0,0,0,1
2372566,4/6/2019,3:49:48 PM,0,0,0,0,2,0,0,0,0,0,2
170864,4/6/2019,3:59:03 PM,0,0,0,1,0,0,0,0,1,0,2
340986,4/6/2019,4:15:43 PM,0,0,0,0,0,2,0,0,0,0,2
1677075,4/6/2019,4:25:53 PM,0,0,0,1,0,0,0,0,0,1,2
1445405,4/6/2019,4:37:42 PM,0,0,0,2,0,0,0,0,0,0,2
2803718,4/6/2019,4:49:24 PM,0,0,0,0,1,0,0,0,0,0,1
841572,4/6/2019,5:04:19 PM,0,0,0,1,0,0,0,0,0,0,1
1635802,4/6/2019,5:21:49 PM,0,0,0,1,0,0,0,0,0,1,2
1716870,4/6/2019,5:36:13 PM,0,0,0,1,0,0,0,0,0,0,1
2934152,4/6/2019,5:46:38 PM,0,0,0,1,0,0,0,0,0,0,1
3272810,4/6/2019,5:56:12 PM,3,0,0,0,0,0,0,0,0,0,3
389648,4/6/2019,6:07:38 PM,0,0,0,1,0,0,0,0,0,0,1
3258951,4/6/2019,6:25:02 PM,0,0,0,1,1,0,0,0,0,0,2
733263,4/6/2019,6:36:26 PM,0,0,0,1,0,0,0,0,0,0,1
816536,4/6/2019,6:51:41 PM,0,0,0,1,0,0,0,0,0,0,1
444540,4/6/2019,7:11:11 PM,0,1,0,0,0,0,0,0,1,0,2
879541,4/6/2019,7:33:53 PM,0,0,0,1,0,0,0,0,0,0,1
3330640,4/6/2019,7:48:26 PM,0,0,0,1,0,0,0,0,0,0,1
1474867,4/6/2019,8:23:01 PM,0,0,0,1,0,0,0,0,0,1,2
2616945,4/6/2019,8:54:03 PM,0,0,0,0,1,0,0,0,0,0,1
1337603,4/6/2019,9:30:19 PM,0,0,0,0,0,0,0,0,0,1,1
2069404,4/6/2019,10:15:02 PM,0,0,0,0,0,0,0,0,1,0,1
151746,4/6/2019,11:32:53 PM,0,0,1,1,0,0,0,0,0,0,2
2592940,5/6/2019,12:44:20 AM,1,0,0,0,0,0,0,0,0,0,1
561728,5/6/2019,5:25:33 AM,0,0,1,0,0,0,0,0,0,0,1
3318720,5/6/2019,7:10:05 AM,0,0,0,0,0,0,0,0,0,1,1
2595242,5/6/2019,7:45:30 AM,0,0,0,1,0,0,0,0,0,0,1
1912860,5/6/2019,8:14:14 AM,0,0,0,0,0,0,1,0,0,0,1
759664,5/6/2019,8:31:31 AM,0,0,0,1,0,0,0,0,1,2,4
493043,5/6/2019,8:54:35 AM,0,0,0,1,0,0,0,0,0,0,1
441275,5/6/2019,9:09:29 AM,0,0,0,1,0,0,0,0,0,0,1
463922,5/6/2019,9:20:31 AM,0,0,0,0,1,0,0,0,0,0,1
88156,5/6/2019,9:36:16 AM,0,0,0,0,1,0,0,0,0,0,1
2144411,5/6/2019,9:53:27 AM,0,0,1,0,0,0,0,0,0,0,1
951780,5/6/2019,10:06:21 AM,0,0,0,1,0,0,0,0,0,0,1
1859794,5/6/2019,10:20:30 AM,0,0,0,1,0,0,0,0,0,0,1
353096,5/6/2019,10:31:00 AM,0,0,1,0,0,0,0,0,0,0,1
2960326,5/6/2019,10:41:49 AM,0,0,1,1,0,0,0,0,0,1,3
1036614,5/6/2019,10:59:27 AM,0,0,1,1,0,0,0,0,0,0,2
1130287,5/6/2019,11:09:09 AM,0,0,1,0,0,0,0,0,0,0,1
66118,5/6/2019,11:23:12 AM,0,0,0,0,0,0,0,0,2,0,2
1494087,5/6/2019,11:34:44 AM,0,0,1,0,0,0,0,0,0,0,1
43722,5/6/2019,11:49:25 AM,0,0,0,1,2,0,0,0,0,0,3
2131458,5/6/2019,12:03:59 PM,0,0,1,0,0,0,0,0,0,1,2
812395,5/6/2019,12:17:01 PM,0,0,0,0,1,0,0,0,0,0,1
2728106,5/6/2019,12:28:03 PM,0,0,0,0,1,0,0,0,0,0,1
1617273,5/6/2019,12:36:36 PM,0,0,2,1,0,0,0,0,0,0,3
762584,5/6/2019,12:49:51 PM,0,0,0,0,0,0,0,0,0,1,1
2340536,5/6/2019,1:01:25 PM,0,0,0,1,0,0,0,0,0,0,1
1884128,5/6/2019,1:11:11 PM,0,0,1,0,1,0,0,0,0,0,2
1234361,5/6/2019,1:23:42 PM,1,0,0,0,0,0,0,0,0,0,1
3301074,5/6/2019,1:35:34 PM,0,0,0,1,0,0,0,0,0,0,1
1031756,5/6/2019,1:46:27 PM,0,0,1,1,0,0,0,0,0,0,2
3162940,5/6/2019,1:55:19 PM,0,0,0,1,0,0,0,0,0,0,1
2190712,5/6/2019,2:04:27 PM,0,0,0,1,0,0,0,0,0,0,1
1893644,5/6/2019,2:16:02 PM,1,0,0,0,0,0,0,0,0,0,1
1595262,5/6/2019,2:26:12 PM,0,0,1,0,0,0,0,0,0,0,1
2828724,5/6/2019,2:35:06 PM,0,0,0,1,0,0,0,0,0,0,1
73642,5/6/2019,2:45:28 PM,0,0,0,1,0,0,0,0,0,0,1
2535716,5/6/2019,2:55:00 PM,0,0,0,0,1,0,1,0,0,0,2
1786296,5/6/2019,3:04:56 PM,0,0,0,0,0,0,0,0,0,2,2
1604334,5/6/2019,3:19:10 PM,0,0,0,0,0,0,0,0,1,0,1
946580,5/6/2019,3:30:10 PM,0,0,0,2,0,0,0,0,0,0,2
2889,5/6/2019,3:40:11 PM,0,0,1,0,0,0,0,0,0,0,1
1219662,5/6/2019,3:49:51 PM,0,0,3,0,0,0,0,0,0,1,4
382563,5/6/2019,3:59:06 PM,1,0,0,0,0,0,0,0,0,0,1
760774,5/6/2019,4:15:50 PM,0,0,0,0,0,1,0,0,0,0,1
813819,5/6/2019,4:25:53 PM,0,1,0,0,0,0,0,0,0,0,1
2106470,5/6/2019,4:38:04 PM,0,0,1,0,0,0,0,0,0,0,1
2458422,5/6/2019,4:49:32 PM,0,0,2,0,0,0,0,0,2,0,4
2339306,5/6/2019,5:04:41 PM,0,0,0,0,0,0,0,0,1,0,1
2854247,5/6/2019,5:22:28 PM,0,0,0,1,0,0,0,0,0,0,1
325939,5/6/2019,5:36:27 PM,0,0,1,0,0,0,0,0,0,0,1
1175258,5/6/2019,5:46:49 PM,0,0,0,0,0,0,0,0,0,1,1
844669,5/6/2019,5:56:45 PM,0,0,0,0,0,0,0,0,0,1,1
79407,5/6/2019,6:07:54 PM,0,0,0,0,1,0,0,0,0,0,1
767976,5/6/2019,6:26:08 PM,0,0,1,0,0,0,0,0,0,0,1
954429,5/6/2019,6:36:31 PM,2,0,0,0,0,0,0,0,0,0,2
2731372,5/6/2019,6:51:54 PM,0,0,0,2,0,0,0,0,0,0,2
1417112,5/6/2019,7:12:24 PM,0,0,0,0,1,0,0,0,0,0,1
386885,5/6/2019,7:34:14 PM,0,0,0,1,0,0,0,0,0,0,1
148310,5/6/2019,7:49:30 PM,0,0,0,0,1,0,0,0,0,0,1
2526685,5/6/2019,8:23:30 PM,1,0,0,0,1,0,0,0,0,0,2
2103131,5/6/2019,8:55:43 PM,0,0,1,0,0,0,0,0,0,0,1
1347929,5/6/2019,9:31:55 PM,0,0,0,1,0,0,0,0,0,0,1
2275182,5/6/2019,10:16:52 PM,1,0,0,0,0,0,0,0,0,0,1
2559032,5/6/2019,11:34:34 PM,0,0,0,0,0,0,0,0,0,1,1
615675,6/6/2019,12:56:54 AM,0,0,0,0,1,0,0,0,0,0,1
1198240,6/6/2019,5:39:18 AM,0,0,0,0,1,0,0,0,0,0,1
1280103,6/6/2019,7:11:12 AM,0,0,1,1,1,0,0,0,0,0,3
2031223,6/6/2019,7:45:37 AM,0,0,1,0,0,0,0,0,0,0,1
2194519,6/6/2019,8:14:52 AM,0,0,0,1,1,0,0,0,0,0,2
95054,6/6/2019,8:31:51 AM,0,0,0,2,1,0,0,0,0,0,3
3137038,6/6/2019,8:54:37 AM,0,0,0,1,0,0,0,0,0,0,1
1297796,6/6/2019,9:09:36 AM,0,0,0,1,0,0,0,0,0,0,1
2280081,6/6/2019,9:21:37 AM,1,0,0,0,0,0,0,0,0,0,1
1064785,6/6/2019,9:36:34 AM,0,0,0,0,0,0,0,0,1,0,1
1792242,6/6/2019,9:53:50 AM,0,0,1,1,0,0,0,0,0,0,2
780700,6/6/2019,10:06:47 AM,1,0,0,1,0,0,0,0,0,0,2
2193981,6/6/2019,10:20:57 AM,0,0,1,0,0,0,0,0,0,0,1
453732,6/6/2019,10:31:02 AM,0,0,1,0,0,0,0,0,0,0,1
2908573,6/6/2019,10:42:24 AM,0,0,1,0,1,0,0,0,0,0,2
2607750,6/6/2019,10:59:53 AM,0,0,0,0,1,0,0,0,0,0,1
1214613,6/6/2019,11:09:28 AM,0,0,0,1,0,0,0,0,0,0,1
545696,6/6/2019,11:23:19 AM,0,0,0,0,1,0,0,0,0,0,1
2041951,6/6/2019,11:34:47 AM,0,0,0,1,1,0,0,0,0,0,2
936455,6/6/2019,11:49:44 AM,0,0,0,0,0,0,0,0,0,1,1
495680,6/6/2019,12:05:42 PM,0,0,1,0,0,0,0,0,0,0,1
2346738,6/6/2019,12:17:07 PM,0,0,0,0,1,0,0,0,0,1,2
2343881,6/6/2019,12:28:17 PM,0,0,0,1,0,0,0,0,0,0,1
3028029,6/6/2019,12:36:47 PM,0,0,1,1,0,0,0,0,0,1,3
2726574,6/6/2019,12:50:46 PM,0,0,1,0,0,0,0,0,0,0,1
2492798,6/6/2019,1:01:37 PM,0,0,1,0,0,0,0,1,0,0,2
38528,6/6/2019,1:11:21 PM,1,0,0,0,0,0,0,0,0,0,1
624700,6/6/2019,1:23:47 PM,0,0,0,0,1,0,0,0,0,0,1
1713838,6/6/2019,1:35:39 PM,0,0,0,1,0,0,0,0,0,0,1
1158886,6/6/2019,1:47:34 PM,0,0,0,0,1,0,0,0,0,0,1
1486000,6/6/2019,1:55:27 PM,1,0,0,0,0,0,0,0,0,0,1
2869658,6/6/2019,2:04:28 PM,0,0,0,0,0,0,0,0,1,0,1
890922,6/6/2019,2:16:09 PM,0,0,0,1,1,0,0,0,0,0,2
846209,6/6/2019,2:26:22 PM,0,0,0,0,0,0,0,0,1,0,1
2240471,6/6/2019,2:35:56 PM,0,0,0,0,1,0,0,0,0,0,1
533511,6/6/2019,2:45:31 PM,0,0,1,0,0,0,0,0,0,0,1
2462725,6/6/2019,2:55:18 PM,0,0,0,0,0,0,0,1,0,0,1
2796810,6/6/2019,3:06:01 PM,0,0,0,0,0,0,0,0,1,0,1
716091,6/6/2019,3:19:43 PM,0,0,2,0,0,0,0,0,1,0,3
1666856,6/6/2019,3:30:14 PM,0,0,0,0,1,0,0,0,1,0,2
461110,6/6/2019,3:40:20 PM,0,0,0,0,0,0,0,0,0,1,1
1483901,6/6/2019,3:50:12 PM,0,0,0,1,1,0,0,0,0,0,2
629227,6/6/2019,4:00:01 PM,0,0,0,1,0,0,0,0,0,0,1
447917,6/6/2019,4:16:07 PM,0,0,0,1,1,0,0,0,1,0,3
1957443,6/6/2019,4:25:54 PM,0,0,0,1,2,0,0,0,0,1,4
1166621,6/6/2019,4:38:40 PM,0,0,0,0,1,0,0,0,0,0,1
2867674,6/6/2019,4:50:12 PM,0,0,0,0,1,0,0,0,0,0,1
2435423,6/6/2019,5:04:55 PM,0,0,0,0,0,0,0,0,0,1,1
1335084,6/6/2019,5:22:42 PM,1,0,0,0,0,0,0,0,0,0,1
4801,6/6/2019,5:36:45 PM,0,0,0,0,0,0,0,0,0,1,1
1737444,6/6/2019,5:47:29 PM,0,0,0,0,1,0,0,0,0,0,1
57568,6/6/2019,5:58:13 PM,0,0,0,0,0,0,0,0,0,1,1
2255649,6/6/2019,6:09:25 PM,0,0,0,0,0,0,0,0,0,1,1
1709564,6/6/2019,6:26:51 PM,0,0,0,0,0,0,0,0,1,0,1
696792,6/6/2019,6:37:25 PM,0,0,0,1,2,0,0,0,1,0,4
2828269,6/6/2019,6:53:45 PM,0,0,0,1,0,0,0,0,0,0,1
10208,6/6/2019,7:13:11 PM,0,0,0,1,0,0,0,0,0,0,1
558573,6/6/2019,7:34:33 PM,0,0,0,0,0,0,0,0,1,0,1
2204055,6/6/2019,7:50:31 PM,0,0,0,0,0,0,0,0,1,0,1
2382023,6/6/2019,8:24:58 PM,0,0,1,0,0,0,0,0,0,0,1
3037856,6/6/2019,8:55:44 PM,0,0,0,1,0,0,0,0,0,0,1
1696639,6/6/2019,9:36:15 PM,0,0,0,0,0,0,0,0,0,1,1
2222402,6/6/2019,10:22:22 PM,0,0,0,0,0,0,0,0,1,0,1
2704041,6/6/2019,11:35:19 PM,0,0,0,1,1,1,0,0,0,0,3
2503138,7/6/2019,12:57:58 AM,0,0,0,0,0,0,0,0,0,1,1
353582,7/6/2019,5:44:34 AM,0,0,0,0,0,0,0,0,1,0,1
2790870,7/6/2019,7:11:26 AM,0,0,0,1,0,0,0,0,0,0,1
2514218,7/6/2019,7:46:31 AM,0,0,0,1,1,0,0,0,0,0,2
2008194,7/6/2019,8:15:27 AM,0,0,1,0,0,0,0,0,0,0,1
2359875,7/6/2019,8:32:05 AM,1,0,0,0,0,0,0,0,0,0,1
3167642,7/6/2019,8:55:00 AM,0,0,1,1,0,0,0,0,0,1,3
1272986,7/6/2019,9:10:27 AM,1,0,0,0,0,0,0,0,0,0,1
3125234,7/6/2019,9:21:47 AM,0,0,0,1,1,0,0,0,0,0,2
1428328,7/6/2019,9:38:14 AM,0,0,0,1,1,0,0,0,0,0,2
1343941,7/6/2019,9:54:18 AM,0,0,0,1,0,0,0,0,0,0,1
2841994,7/6/2019,10:07:32 AM,0,0,1,0,0,0,0,0,0,0,1
1782163,7/6/2019,10:21:07 AM,0,0,1,0,0,0,0,0,0,0,1
774603,7/6/2019,10:31:28 AM,0,0,0,1,0,0,0,0,0,0,1
457087,7/6/2019,10:42:46 AM,0,0,0,1,0,0,0,0,0,0,1
1173471,7/6/2019,11:00:11 AM,0,0,0,0,0,0,0,0,0,1,1
1722097,7/6/2019,11:09:45 AM,0,0,1,0,0,0,0,0,0,0,1
525192,7/6/2019,11:23:58 AM,0,0,1,0,0,0,0,0,0,0,1
861875,7/6/2019,11:35:22 AM,0,0,0,0,0,0,0,0,0,1,1
1654315,7/6/2019,11:49:58 AM,0,0,0,1,0,0,0,0,0,0,1
2806501,7/6/2019,12:05:56 PM,0,0,1,0,0,0,0,0,0,0,1
1223038,7/6/2019,12:17:27 PM,0,0,1,0,0,0,0,0,0,0,1
829148,7/6/2019,12:28:19 PM,0,0,0,0,1,0,0,0,0,0,1
1829966,7/6/2019,12:36:59 PM,0,0,0,1,0,0,0,0,0,0,1
2443727,7/6/2019,12:51:09 PM,1,0,0,0,0,0,0,0,0,1,2
391564,7/6/2019,1:02:07 PM,0,0,0,0,0,1,0,0,0,0,1
866403,7/6/2019,1:11:36 PM,1,0,0,0,0,0,0,0,0,0,1
1548032,7/6/2019,1:23:53 PM,0,0,0,0,0,0,0,0,0,1,1
1297610,7/6/2019,1:36:38 PM,0,0,0,1,0,0,0,0,0,0,1
1515579,7/6/2019,1:47:37 PM,0,0,1,0,0,0,0,0,0,0,1
754474,7/6/2019,1:55:38 PM,0,0,0,1,0,0,0,0,0,0,1
1052606,7/6/2019,2:04:49 PM,0,0,0,0,1,0,0,0,0,0,1
275961,7/6/2019,2:16:11 PM,0,0,0,1,1,0,0,0,1,0,3
109547,7/6/2019,2:27:08 PM,0,0,0,2,0,0,0,0,0,0,2
2124421,7/6/2019,2:36:04 PM,0,0,1,0,0,0,0,0,0,0,1
1496982,7/6/2019,2:45:46 PM,2,0,1,0,1,0,0,0,0,1,5
3241977,7/6/2019,2:55:43 PM,0,0,0,1,0,0,0,0,0,0,1
1911519,7/6/2019,3:06:39 PM,0,0,0,0,1,0,0,0,0,1,2
961533,7/6/2019,3:20:06 PM,0,0,1,0,0,0,0,0,0,0,1
1802738,7/6/2019,3:30:29 PM,0,0,0,0,0,0,0,0,1,0,1
22486,7/6/2019,3:40:33 PM,0,0,0,0,0,0,0,0,1,0,1
1880874,7/6/2019,3:50:56 PM,2,0,0,0,0,0,0,0,0,0,2
1542373,7/6/2019,4:00:02 PM,0,0,1,0,0,0,0,0,0,0,1
860417,7/6/2019,4:16:08 PM,0,0,0,0,0,0,0,0,0,1,1
306677,7/6/2019,4:26:24 PM,0,0,3,0,0,0,0,0,0,0,3
86258,7/6/2019,4:39:29 PM,0,0,2,0,0,0,0,0,0,0,2
2656917,7/6/2019,4:51:46 PM,0,0,0,1,0,0,0,0,0,0,1
2058331,7/6/2019,5:05:01 PM,0,0,0,0,0,1,0,0,0,0,1
3151666,7/6/2019,5:23:53 PM,0,0,0,1,0,1,0,0,0,0,2
2365335,7/6/2019,5:36:49 PM,0,0,0,1,0,0,0,0,0,0,1
3223514,7/6/2019,5:47:45 PM,0,0,0,0,1,0,0,0,0,0,1
1162071,7/6/2019,5:58:34 PM,0,0,0,0,1,0,0,0,0,0,1
1936223,7/6/2019,6:09:50 PM,0,0,0,1,0,0,0,0,0,1,2
1682358,7/6/2019,6:27:09 PM,0,0,0,0,1,0,0,0,0,0,1
1714905,7/6/2019,6:37:33 PM,0,0,0,0,0,0,0,1,0,0,1
2497423,7/6/2019,6:54:06 PM,0,0,0,1,0,0,0,0,0,0,1
854481,7/6/2019,7:13:23 PM,0,0,0,2,0,0,0,0,0,0,2
425030,7/6/2019,7:35:46 PM,0,0,0,0,1,0,0,0,0,0,1
2282851,7/6/2019,7:50:35 PM,3,0,2,0,0,0,0,0,0,1,6
2827281,7/6/2019,8:25:16 PM,0,0,0,0,1,1,0,0,0,0,2
2085590,7/6/2019,8:56:51 PM,1,0,0,0,0,0,0,0,0,0,1
823885,7/6/2019,9:37:45 PM,0,0,0,0,1,0,0,0,0,0,1
2961812,7/6/2019,10:25:13 PM,0,0,0,1,0,0,0,0,0,0,1
2553297,7/6/2019,11:35:54 PM,0,0,0,0,0,0,1,0,1,0,2
2300844,8/6/2019,12:58:03 AM,0,0,0,0,0,0,0,0,1,0,1
1670695,8/6/2019,5:50:38 AM,0,0,0,0,0,0,0,0,0,1,1
1376176,8/6/2019,7:11:42 AM,0,0,0,0,0,1,0,0,0,1,2
2566109,8/6/2019,7:47:36 AM,0,0,0,1,0,0,0,0,0,0,1
194632,8/6/2019,8:15:46 AM,1,0,0,0,0,0,0,0,0,0,1
1271055,8/6/2019,8:32:23 AM,0,0,0,1,1,0,0,0,0,0,2
2895977,8/6/2019,8:55:23 AM,0,1,0,0,0,0,0,0,0,0,1
2270432,8/6/2019,9:10:57 AM,1,0,0,1,0,0,0,0,0,0,2
105735,8/6/2019,9:22:43 AM,0,0,0,1,0,0,0,0,0,0,1
2060092,8/6/2019,9:38:22 AM,0,0,0,0,0,0,0,0,0,1,1
2603165,8/6/2019,9:54:51 AM,0,0,1,1,0,0,0,0,0,0,2
670916,8/6/2019,10:07:37 AM,0,0,1,0,0,0,0,0,0,0,1
2271944,8/6/2019,10:21:33 AM,1,0,1,0,0,0,0,0,0,0,2
2669166,8/6/2019,10:31:38 AM,0,0,1,0,0,0,0,0,0,0,1
299065,8/6/2019,10:42:50 AM,0,0,0,1,0,0,0,0,0,0,1
1557337,8/6/2019,11:00:15 AM,0,0,0,0,0,0,0,0,1,0,1
1119400,8/6/2019,11:09:46 AM,0,0,0,0,0,0,0,0,1,0,1
2949681,8/6/2019,11:24:09 AM,0,0,2,0,0,0,0,0,0,2,4
1638003,8/6/2019,11:35:44 AM,0,2,0,0,0,0,0,0,0,0,2
1051057,8/6/2019,11:50:35 AM,0,0,0,0,0,0,0,0,1,0,1
1313997,8/6/2019,12:06:03 PM,0,0,1,0,0,0,0,0,0,0,1
963906,8/6/2019,12:17:47 PM,2,0,0,0,0,0,0,1,0,0,3
2226150,8/6/2019,12:28:23 PM,1,0,0,0,0,0,0,0,0,0,1
2053562,8/6/2019,12:37:03 PM,0,0,1,0,0,0,0,0,0,0,1
800145,8/6/2019,12:51:17 PM,0,0,0,0,0,0,0,0,0,1,1
2090776,8/6/2019,1:02:24 PM,0,0,0,1,0,0,0,0,0,0,1
1827213,8/6/2019,1:11:42 PM,0,0,0,1,0,0,0,0,0,0,1
1659887,8/6/2019,1:24:11 PM,0,1,0,0,2,0,0,0,0,1,4
3016526,8/6/2019,1:36:49 PM,0,1,1,0,0,0,0,0,0,1,3
1646954,8/6/2019,1:47:55 PM,0,0,0,0,1,0,0,0,0,0,1
3242989,8/6/2019,1:56:07 PM,0,0,0,1,1,0,0,0,0,0,2
2176700,8/6/2019,2:05:35 PM,0,0,3,0,0,0,0,0,0,0,3
1838248,8/6/2019,2:16:56 PM,0,0,0,1,0,0,0,0,0,0,1
638044,8/6/2019,2:27:13 PM,0,0,0,1,0,0,0,0,0,0,1
534263,8/6/2019,2:36:19 PM,0,0,1,0,0,0,0,0,0,1,2
1558851,8/6/2019,2:46:53 PM,0,0,0,1,0,0,0,0,0,0,1
1781626,8/6/2019,2:55:53 PM,2,0,1,0,0,0,0,0,0,0,3
1359304,8/6/2019,3:07:50 PM,0,0,0,1,0,0,0,0,2,0,3
1685469,8/6/2019,3:20:30 PM,0,0,3,0,0,0,0,0,0,0,3
695237,8/6/2019,3:30:29 PM,0,0,0,0,0,0,0,0,1,0,1
3066187,8/6/2019,3:40:37 PM,0,0,0,0,1,0,0,0,0,0,1
114309,8/6/2019,3:51:05 PM,1,0,0,0,0,0,0,0,0,0,1
76181,8/6/2019,4:01:27 PM,2,0,0,1,0,0,0,0,0,0,3
1491354,8/6/2019,4:16:12 PM,0,0,0,0,1,0,0,0,0,0,1
1047874,8/6/2019,4:26:58 PM,0,0,0,1,0,0,0,0,0,0,1
1474744,8/6/2019,4:39:57 PM,0,0,1,0,0,0,0,0,0,0,1
2279882,8/6/2019,4:52:18 PM,4,0,0,0,0,0,0,0,0,0,4
2858117,8/6/2019,5:05:09 PM,0,0,0,1,0,0,0,0,0,0,1
276403,8/6/2019,5:23:57 PM,0,0,0,1,0,0,0,0,0,0,1
3144137,8/6/2019,5:37:31 PM,0,0,0,1,0,1,0,0,0,0,2
2585080,8/6/2019,5:48:45 PM,0,0,1,0,0,0,0,0,0,0,1
560929,8/6/2019,5:58:57 PM,0,0,0,0,0,0,0,0,0,1,1
2156710,8/6/2019,6:10:20 PM,0,0,0,0,2,0,0,0,0,0,2
15113,8/6/2019,6:27:10 PM,0,0,0,1,0,0,0,0,0,0,1
515145,8/6/2019,6:38:26 PM,0,0,0,0,0,0,0,0,0,1,1
3115810,8/6/2019,6:55:02 PM,0,0,0,0,0,0,0,0,1,0,1
2797415,8/6/2019,7:13:35 PM,0,0,0,0,0,0,0,0,0,1,1
3068410,8/6/2019,7:35:59 PM,0,0,1,1,2,1,0,0,1,1,7
2417439,8/6/2019,7:50:47 PM,0,0,0,1,1,0,0,0,0,0,2
561399,8/6/2019,8:25:46 PM,0,0,0,0,0,0,0,0,1,0,1
2244532,8/6/2019,8:57:56 PM,0,0,0,0,1,0,0,0,0,0,1
908702,8/6/2019,9:39:42 PM,0,0,0,0,1,0,0,0,0,0,1
3318251,8/6/2019,10:25:31 PM,0,0,0,0,0,0,0,0,1,0,1
772693,8/6/2019,11:37:20 PM,0,0,0,1,0,0,0,0,0,0,1
1660154,9/6/2019,1:01:54 AM,0,0,1,0,0,0,0,0,0,0,1
208396,9/6/2019,6:06:10 AM,0,1,0,0,0,0,0,0,0,0,1
2151003,9/6/2019,7:14:14 AM,2,0,0,1,0,0,0,0,0,0,3
153648,9/6/2019,7:47:59 AM,0,0,0,0,1,0,0,0,0,0,1
198841,9/6/2019,8:16:07 AM,0,0,0,1,0,0,0,0,0,0,1
2164763,9/6/2019,8:32:53 AM,0,0,0,1,0,0,0,0,0,0,1
221857,9/6/2019,8:55:29 AM,1,0,0,0,0,0,0,0,0,1,2
2060222,9/6/2019,9:11:02 AM,0,0,1,0,0,0,0,0,0,1,2
953922,9/6/2019,9:22:43 AM,0,0,0,1,0,0,0,0,0,0,1
1244841,9/6/2019,9:38:34 AM,0,0,0,0,1,0,0,0,0,0,1
33963,9/6/2019,9:55:11 AM,0,0,0,0,0,1,0,0,1,0,2
2029247,9/6/2019,10:07:49 AM,0,0,0,0,0,0,0,0,0,1,1
506188,9/6/2019,10:21:56 AM,0,0,0,1,1,0,0,0,0,0,2
5846,9/6/2019,10:31:54 AM,2,0,0,0,1,0,0,0,1,0,4
542381,9/6/2019,10:43:23 AM,0,0,0,1,0,0,0,0,0,0,1
2016953,9/6/2019,11:00:20 AM,0,0,0,0,0,0,0,0,0,1,1
2610307,9/6/2019,11:11:02 AM,0,0,0,0,0,0,0,0,1,0,1
165080,9/6/2019,11:24:22 AM,0,0,0,1,0,0,1,0,0,0,2
2664033,9/6/2019,11:35:57 AM,1,0,0,0,0,0,0,0,0,0,1
2397084,9/6/2019,11:50:40 AM,0,0,0,0,1,0,0,0,0,0,1
2615303,9/6/2019,12:06:08 PM,0,0,1,0,0,0,0,0,1,0,2
874091,9/6/2019,12:18:13 PM,0,0,0,2,0,0,0,0,0,0,2
2898157,9/6/2019,12:29:16 PM,1,0,1,0,0,0,0,0,0,0,2
2623197,9/6/2019,12:37:32 PM,0,0,0,1,0,0,0,0,0,0,1
3247994,9/6/2019,12:51:30 PM,0,0,0,0,0,0,0,0,0,1,1
2839278,9/6/2019,1:02:26 PM,0,0,0,1,0,0,0,0,0,1,2
814705,9/6/2019,1:12:04 PM,1,0,0,0,0,0,0,0,0,0,1
1882883,9/6/2019,1:24:22 PM,0,0,0,0,0,0,0,0,0,1,1
140002,9/6/2019,1:36:56 PM,0,0,0,0,0,1,0,0,0,0,1
1025204,9/6/2019,1:47:55 PM,0,0,0,1,0,0,0,0,0,0,1
2406441,9/6/2019,1:56:36 PM,0,0,0,0,1,0,0,0,0,0,1
1850831,9/6/2019,2:06:05 PM,0,0,0,1,0,0,0,0,0,0,1
635304,9/6/2019,2:17:00 PM,0,0,1,0,0,0,0,0,0,0,1
1687224,9/6/2019,2:27:30 PM,0,1,0,0,0,0,0,0,0,0,1
894938,9/6/2019,2:37:02 PM,0,0,0,0,1,0,0,0,0,0,1
123546,9/6/2019,2:46:59 PM,0,0,0,0,0,1,0,0,0,0,1
1506385,9/6/2019,2:56:09 PM,2,0,0,0,0,0,0,0,0,0,2
1156227,9/6/2019,3:08:25 PM,0,0,0,1,0,0,0,0,0,0,1
2532095,9/6/2019,3:20:36 PM,0,0,0,0,1,0,0,0,0,0,1
1373309,9/6/2019,3:30:33 PM,1,0,0,0,0,0,0,0,0,0,1
1765988,9/6/2019,3:41:15 PM,0,0,0,1,0,0,0,0,0,0,1
2566617,9/6/2019,3:51:16 PM,0,0,0,1,0,0,0,0,0,0,1
2349730,9/6/2019,4:02:06 PM,0,0,0,0,0,0,0,0,2,0,2
510541,9/6/2019,4:17:28 PM,0,0,1,0,0,0,0,0,0,0,1
3353775,9/6/2019,4:27:29 PM,0,0,0,0,0,0,1,0,0,1,2
2848100,9/6/2019,4:40:10 PM,0,0,0,0,0,0,0,0,2,0,2
3144401,9/6/2019,4:52:44 PM,0,0,0,0,0,0,0,0,0,1,1
1079090,9/6/2019,5:06:00 PM,1,0,0,0,1,0,0,0,0,0,2
3112312,9/6/2019,5:24:28 PM,1,0,0,0,1,0,0,0,0,0,2
101807,9/6/2019,5:38:10 PM,0,0,0,1,0,0,0,0,0,0,1
3159717,9/6/2019,5:48:53 PM,0,0,0,0,2,0,0,0,0,0,2
2588728,9/6/2019,5:58:59 PM,0,0,0,1,0,0,0,0,0,0,1
1718724,9/6/2019,6:10:31 PM,0,0,2,0,0,0,0,1,0,0,3
1287324,9/6/2019,6:27:39 PM,0,0,0,1,0,0,0,0,0,1,2
1444534,9/6/2019,6:39:04 PM,0,0,2,0,1,0,0,0,0,0,3
3270263,9/6/2019,6:55:15 PM,0,0,1,0,0,0,0,0,1,0,2
2311973,9/6/2019,7:13:43 PM,0,0,0,1,0,0,0,0,0,0,1
1721127,9/6/2019,7:36:03 PM,0,0,1,0,0,0,0,0,0,0,1
943915,9/6/2019,7:51:11 PM,0,0,1,0,0,0,0,0,0,0,1
3134889,9/6/2019,8:26:00 PM,1,0,0,0,1,0,0,0,0,0,2
2624584,9/6/2019,8:58:22 PM,0,0,0,0,1,0,0,0,0,0,1
1409687,9/6/2019,9:39:50 PM,0,0,1,0,0,0,0,0,0,0,1
213804,9/6/2019,10:26:16 PM,0,0,0,1,0,0,0,2,0,1,4
812864,9/6/2019,11:44:11 PM,0,0,0,1,0,0,0,0,0,0,1
1097967,10/6/2019,1:04:40 AM,0,0,0,0,1,0,0,0,0,0,1
2949027,10/6/2019,6:08:13 AM,1,0,0,1,0,0,0,0,0,0,2
1878645,10/6/2019,7:15:08 AM,1,0,0,0,0,0,0,0,0,0,1
381897,10/6/2019,7:48:25 AM,0,0,0,1,0,0,0,0,0,0,1
394904,10/6/2019,8:16:22 AM,0,0,0,1,0,0,0,0,0,0,1
2424635,10/6/2019,8:36:00 AM,0,0,0,1,0,0,0,0,0,0,1
2901227,10/6/2019,8:56:22 AM,1,0,0,1,0,0,0,0,0,0,2
831130,10/6/2019,9:11:12 AM,0,0,0,2,0,0,0,0,0,0,2
1164686,10/6/2019,9:24:20 AM,0,0,0,1,0,0,0,0,0,0,1
611594,10/6/2019,9:39:16 AM,0,0,0,1,0,0,0,0,0,0,1
2663676,10/6/2019,9:55:36 AM,1,0,0,0,0,0,0,0,0,1,2
1059711,10/6/2019,10:08:40 AM,0,0,0,1,0,0,0,0,0,0,1
1278929,10/6/2019,10:22:04 AM,0,2,0,0,0,0,0,0,0,0,2
125939,10/6/2019,10:31:55 AM,0,0,0,1,0,0,0,0,0,0,1
2227839,10/6/2019,10:43:56 AM,1,0,0,1,0,0,0,0,0,0,2
3120758,10/6/2019,11:00:48 AM,0,0,1,0,0,0,0,0,0,0,1
1884830,10/6/2019,11:11:20 AM,0,0,0,0,0,1,0,0,0,0,1
2459115,10/6/2019,11:24:32 AM,0,0,0,0,3,0,0,0,0,0,3
2719784,10/6/2019,11:36:10 AM,0,0,0,1,0,0,0,0,0,0,1
118716,10/6/2019,11:51:27 AM,0,0,0,1,0,0,0,0,1,1,3
452684,10/6/2019,12:06:55 PM,0,0,1,0,0,0,0,0,0,0,1
954631,10/6/2019,12:18:29 PM,1,0,0,0,0,0,0,0,0,0,1
781195,10/6/2019,12:29:31 PM,0,0,0,1,0,0,0,0,0,0,1
2326212,10/6/2019,12:37:36 PM,0,0,0,0,1,0,0,0,0,0,1
315549,10/6/2019,12:51:33 PM,0,0,0,0,1,0,0,0,0,0,1
1840572,10/6/2019,1:02:59 PM,0,0,0,1,0,0,0,0,0,0,1
2797665,10/6/2019,1:12:57 PM,0,0,0,0,0,2,0,0,0,0,2
2495889,10/6/2019,1:24:33 PM,0,0,0,0,1,0,0,0,0,0,1
1292922,10/6/2019,1:37:37 PM,0,0,0,1,1,0,0,0,0,0,2
1218457,10/6/2019,1:48:38 PM,0,0,1,0,0,0,0,0,0,0,1
2420016,10/6/2019,1:57:38 PM,0,0,1,0,0,0,0,0,0,1,2
2423133,10/6/2019,2:06:22 PM,0,0,0,0,0,0,0,1,0,0,1
1589059,10/6/2019,2:17:07 PM,0,0,1,0,0,0,0,0,0,0,1
2096875,10/6/2019,2:27:37 PM,0,0,0,1,0,0,0,0,0,0,1
2523865,10/6/2019,2:37:03 PM,0,0,1,0,0,0,0,0,0,0,1
431955,10/6/2019,2:47:10 PM,1,0,0,1,0,0,0,0,0,0,2
780651,10/6/2019,2:56:37 PM,0,0,0,1,1,1,0,0,0,0,3
1166715,10/6/2019,3:08:51 PM,0,0,0,0,0,0,0,0,1,0,1
656865,10/6/2019,3:20:55 PM,0,0,0,1,0,1,0,0,0,0,2
2459137,10/6/2019,3:30:48 PM,0,0,0,1,0,0,0,0,0,0,1
139357,10/6/2019,3:42:19 PM,0,0,2,0,0,0,0,0,0,0,2
3320832,10/6/2019,3:51:26 PM,0,0,0,0,1,0,1,0,0,0,2
2010983,10/6/2019,4:02:28 PM,0,0,2,1,0,0,0,0,1,0,4
1139025,10/6/2019,4:17:31 PM,0,0,1,1,0,0,0,0,0,0,2
1669358,10/6/2019,4:27:34 PM,1,0,0,1,0,0,0,0,0,0,2
2202137,10/6/2019,4:40:33 PM,0,0,1,0,0,0,0,0,0,1,2
2940482,10/6/2019,4:53:01 PM,0,0,0,0,0,0,0,0,0,1,1
397931,10/6/2019,5:06:07 PM,0,0,0,1,1,0,0,0,0,0,2
2757986,10/6/2019,5:24:40 PM,0,1,0,2,0,0,0,0,0,0,3
2797258,10/6/2019,5:38:14 PM,0,0,0,0,1,0,0,0,0,0,1
1966889,10/6/2019,5:49:02 PM,0,1,1,0,0,0,0,0,0,0,2
2465520,10/6/2019,5:59:05 PM,0,0,0,2,0,0,0,0,0,0,2
2891771,10/6/2019,6:11:09 PM,0,0,1,0,0,0,0,0,0,0,1
871258,10/6/2019,6:28:01 PM,0,0,0,0,1,0,0,0,0,0,1
2644430,10/6/2019,6:39:35 PM,0,0,0,1,0,0,0,0,0,0,1
2922421,10/6/2019,6:57:08 PM,0,0,0,0,0,0,0,0,1,0,1
1129422,10/6/2019,7:14:31 PM,0,0,0,1,1,0,0,0,0,0,2
2921404,10/6/2019,7:36:16 PM,1,0,0,0,0,0,0,0,0,0,1
2420298,10/6/2019,7:51:26 PM,0,0,0,0,0,1,0,0,0,0,1
2894746,10/6/2019,8:29:28 PM,0,0,1,1,1,0,0,0,1,1,5
1980328,10/6/2019,9:01:17 PM,0,0,0,0,0,0,0,0,0,1,1
347243,10/6/2019,9:40:25 PM,0,0,0,0,1,0,0,0,0,0,1
3365653,10/6/2019,10:27:05 PM,0,0,0,1,0,0,0,0,0,0,1
238793,10/6/2019,11:51:22 PM,0,0,1,0,0,0,0,0,0,1,2
302110,11/6/2019,1:08:00 AM,0,0,0,0,0,0,0,0,0,1,1
3356460,11/6/2019,6:11:12 AM,0,0,0,1,1,0,0,0,0,0,2
2754587,11/6/2019,7:16:30 AM,0,0,0,3,0,0,0,0,0,0,3
533914,11/6/2019,7:48:41 AM,0,0,0,1,1,0,0,0,0,0,2
3403205,11/6/2019,8:16:32 AM,0,0,0,1,0,0,0,0,0,0,1
2829770,11/6/2019,8:36:49 AM,0,0,0,0,0,1,0,0,0,0,1
2054108,11/6/2019,8:56:23 AM,0,0,1,1,1,0,0,0,0,1,4
3094018,11/6/2019,9:11:14 AM,0,0,0,1,0,0,0,0,0,0,1
550510,11/6/2019,9:25:04 AM,0,0,0,0,1,0,0,0,0,0,1
587346,11/6/2019,9:39:36 AM,0,0,0,1,0,0,0,0,0,0,1
3311225,11/6/2019,9:55:52 AM,0,0,0,1,0,0,0,0,0,0,1
391706,11/6/2019,10:08:53 AM,0,0,0,2,0,0,0,0,0,0,2
3137556,11/6/2019,10:22:09 AM,0,0,0,1,0,0,0,0,1,0,2
2578745,11/6/2019,10:32:09 AM,0,0,3,0,0,0,0,0,0,0,3
1706135,11/6/2019,10:45:18 AM,0,0,0,0,0,0,0,0,1,0,1
1747176,11/6/2019,11:01:41 AM,0,0,0,0,0,0,0,0,1,0,1
3138387,11/6/2019,11:12:33 AM,0,0,0,1,0,1,0,0,1,0,3
3326589,11/6/2019,11:24:40 AM,1,0,0,0,0,0,0,0,0,0,1
1004722,11/6/2019,11:36:39 AM,1,0,0,0,0,0,0,0,0,0,1
906886,11/6/2019,11:51:43 AM,0,0,0,1,0,0,0,0,0,0,1
3005594,11/6/2019,12:07:35 PM,1,0,0,0,0,0,0,0,0,0,1
1910571,11/6/2019,12:18:43 PM,0,0,2,0,0,0,0,0,0,0,2
1000651,11/6/2019,12:30:27 PM,0,0,1,0,1,0,0,0,0,1,3
1068397,11/6/2019,12:38:19 PM,0,1,0,0,0,0,0,0,0,0,1
2843819,11/6/2019,12:51:50 PM,0,0,0,3,1,0,0,0,0,1,5
1940549,11/6/2019,1:03:21 PM,0,0,0,1,0,0,0,0,0,1,2
1672350,11/6/2019,1:13:16 PM,0,0,1,0,0,0,0,0,0,0,1
641229,11/6/2019,1:25:02 PM,0,0,0,0,0,0,0,0,1,0,1
2951068,11/6/2019,1:37:59 PM,0,0,2,0,0,0,0,0,0,1,3
3231903,11/6/2019,1:49:26 PM,0,0,1,0,0,0,0,0,0,0,1
1360263,11/6/2019,1:57:59 PM,0,0,0,0,0,0,0,0,1,0,1
106529,11/6/2019,2:06:27 PM,0,0,0,0,1,0,0,0,0,0,1
2518069,11/6/2019,2:18:06 PM,0,0,0,1,0,0,0,0,0,0,1
2590106,11/6/2019,2:27:51 PM,0,0,3,0,0,0,0,0,0,1,4
2325970,11/6/2019,2:37:09 PM,0,0,0,1,0,0,0,0,0,0,1
3009798,11/6/2019,2:47:12 PM,0,0,0,1,1,0,0,0,0,0,2
2935075,11/6/2019,2:56:43 PM,0,0,0,0,0,0,0,0,1,0,1
1265339,11/6/2019,3:08:54 PM,0,0,0,1,0,0,0,0,0,0,1
3320859,11/6/2019,3:20:55 PM,0,0,1,0,0,0,0,0,1,0,2
2545983,11/6/2019,3:31:21 PM,0,0,0,0,0,1,0,0,0,0,1
2922577,11/6/2019,3:42:39 PM,0,0,0,0,0,0,0,0,0,1,1
2303137,11/6/2019,3:51:48 PM,0,0,0,1,1,0,0,0,0,0,2
402508,11/6/2019,4:04:30 PM,1,0,0,1,0,0,0,0,0,0,2
2154807,11/6/2019,4:17:46 PM,0,0,0,1,0,0,0,0,0,1,2
3406825,11/6/2019,4:28:02 PM,0,0,2,0,0,0,0,0,0,0,2
1079225,11/6/2019,4:40:37 PM,0,0,1,0,0,0,0,0,0,0,1
3154685,11/6/2019,4:55:22 PM,0,1,0,0,0,1,0,0,0,0,2
730976,11/6/2019,5:06:17 PM,0,0,0,0,0,1,0,0,0,0,1
1259418,11/6/2019,5:24:42 PM,0,0,1,0,0,0,0,0,0,1,2
1998525,11/6/2019,5:39:09 PM,0,0,0,1,0,0,0,0,0,0,1
1872632,11/6/2019,5:49:16 PM,0,0,0,1,0,0,0,0,0,0,1
1818647,11/6/2019,5:59:21 PM,0,0,0,0,1,0,0,0,0,0,1
2803957,11/6/2019,6:11:15 PM,0,0,0,0,0,0,0,0,1,0,1
1181602,11/6/2019,6:28:04 PM,0,0,0,0,0,0,0,0,1,0,1
1641043,11/6/2019,6:39:41 PM,0,0,0,1,0,0,0,0,0,0,1
2127694,11/6/2019,6:57:16 PM,0,0,1,1,0,0,0,0,0,0,2
23598,11/6/2019,7:15:15 PM,0,0,0,1,0,0,0,0,0,0,1
312581,11/6/2019,7:38:28 PM,0,0,0,1,0,0,0,0,0,1,2
167720,11/6/2019,7:53:23 PM,0,0,0,1,0,1,0,0,0,1,3
1972777,11/6/2019,8:29:34 PM,0,0,0,1,0,0,0,0,0,0,1
1951193,11/6/2019,9:02:36 PM,1,0,0,0,0,0,0,0,0,0,1
1432252,11/6/2019,9:40:48 PM,0,0,1,1,1,0,0,0,0,1,4
999621,11/6/2019,10:29:53 PM,0,0,0,1,0,0,0,0,0,0,1
1011917,11/6/2019,11:52:14 PM,0,0,0,0,0,0,0,0,0,1,1
2894390,12/6/2019,1:13:19 AM,0,0,0,1,0,0,0,0,1,2,4
2256662,12/6/2019,6:16:44 AM,0,0,0,0,0,0,0,0,0,1,1
2431500,12/6/2019,7:18:26 AM,0,0,0,0,1,0,0,0,0,0,1
309642,12/6/2019,7:48:42 AM,0,0,1,0,0,0,0,0,0,0,1
2866271,12/6/2019,8:16:41 AM,0,0,0,0,0,0,0,0,0,1,1
253341,12/6/2019,8:36:55 AM,0,0,0,1,0,0,0,0,0,0,1
1459990,12/6/2019,8:56:43 AM,0,0,0,1,0,0,0,0,0,0,1
294015,12/6/2019,9:11:19 AM,0,0,0,0,0,0,0,0,1,0,1
725071,12/6/2019,9:25:09 AM,0,0,0,0,0,0,0,1,0,0,1
1411455,12/6/2019,9:41:07 AM,0,0,0,0,1,0,0,0,0,0,1
1876584,12/6/2019,9:56:08 AM,0,0,0,1,0,0,0,0,0,0,1
2133729,12/6/2019,10:08:54 AM,0,0,1,0,0,0,0,0,0,1,2
2102136,12/6/2019,10:22:20 AM,0,0,0,0,1,0,0,0,0,0,1
969517,12/6/2019,10:33:36 AM,0,0,1,0,0,0,0,0,0,0,1
2934354,12/6/2019,10:45:53 AM,0,0,0,1,0,0,0,0,0,0,1
1594721,12/6/2019,11:01:52 AM,0,0,0,1,0,0,0,0,0,0,1
645557,12/6/2019,11:13:07 AM,0,0,0,1,0,1,0,0,0,0,2
1793775,12/6/2019,11:25:58 AM,0,0,0,1,0,0,0,0,0,1,2
3287906,12/6/2019,11:37:08 AM,0,0,0,0,2,0,0,0,0,0,2
871057,12/6/2019,11:52:18 AM,0,0,0,1,0,0,0,0,0,0,1
1383688,12/6/2019,12:08:03 PM,1,0,0,0,0,0,0,0,0,0,1
794297,12/6/2019,12:18:49 PM,1,0,0,2,0,0,0,0,0,1,4
2343283,12/6/2019,12:30:31 PM,0,0,0,1,0,0,0,0,0,0,1
2175162,12/6/2019,12:38:29 PM,0,0,0,1,0,0,0,0,0,0,1
233843,12/6/2019,12:52:51 PM,0,0,0,0,0,0,0,0,1,0,1
51913,12/6/2019,1:04:09 PM,0,0,0,1,0,0,0,0,0,0,1
878658,12/6/2019,1:13:56 PM,0,0,0,0,0,0,0,0,0,1,1
222114,12/6/2019,1:25:11 PM,1,0,0,1,1,0,0,0,0,0,3
1564030,12/6/2019,1:38:07 PM,0,0,1,0,1,0,0,0,0,0,2
2916908,12/6/2019,1:49:36 PM,0,0,0,0,0,0,0,0,0,1,1
194894,12/6/2019,1:58:04 PM,0,1,0,0,0,0,0,0,0,0,1
2343525,12/6/2019,2:06:31 PM,0,0,0,1,0,0,0,0,0,0,1
988105,12/6/2019,2:18:07 PM,0,0,1,0,0,0,0,0,0,0,1
622835,12/6/2019,2:28:11 PM,0,0,0,0,1,0,0,0,0,0,1
2551594,12/6/2019,2:38:05 PM,1,0,1,0,0,0,0,0,0,0,2
1968947,12/6/2019,2:47:35 PM,1,0,0,0,0,0,0,0,0,0,1
3392896,12/6/2019,2:56:51 PM,1,0,0,2,0,0,0,0,1,0,4
2594794,12/6/2019,3:09:16 PM,0,0,0,0,0,0,0,0,0,1,1
2563007,12/6/2019,3:21:24 PM,0,0,0,0,1,0,0,0,0,0,1
1763861,12/6/2019,3:31:27 PM,1,0,0,1,0,0,0,0,0,0,2
2715580,12/6/2019,3:42:51 PM,0,0,0,0,2,0,0,0,0,0,2
2649354,12/6/2019,3:52:20 PM,0,0,0,1,0,0,0,0,0,0,1
3128441,12/6/2019,4:05:43 PM,0,1,0,0,0,1,0,0,0,0,2
2298185,12/6/2019,4:17:52 PM,0,0,0,1,0,0,0,0,0,0,1
975249,12/6/2019,4:28:50 PM,0,0,1,0,0,0,0,0,0,0,1
942561,12/6/2019,4:40:38 PM,0,0,0,0,0,0,0,0,0,1,1
1728184,12/6/2019,4:56:02 PM,0,0,2,0,0,0,0,0,0,0,2
477915,12/6/2019,5:06:38 PM,0,0,0,1,0,0,0,0,0,0,1
3268265,12/6/2019,5:25:42 PM,0,0,0,0,1,0,0,0,0,0,1
3207568,12/6/2019,5:39:11 PM,0,0,1,0,0,0,0,0,1,0,2
2914836,12/6/2019,5:49:16 PM,1,0,0,0,0,0,0,0,0,0,1
1192105,12/6/2019,6:00:20 PM,0,0,1,0,0,0,0,0,0,0,1
501314,12/6/2019,6:11:32 PM,1,0,0,0,0,0,0,0,0,1,2
2671738,12/6/2019,6:28:16 PM,0,0,0,0,1,0,0,0,0,0,1
1480900,12/6/2019,6:40:19 PM,0,0,1,0,0,0,1,0,0,0,2
3174671,12/6/2019,6:57:29 PM,0,0,1,1,0,0,0,0,0,0,2
7615,12/6/2019,7:16:01 PM,0,0,0,0,1,0,0,0,0,0,1
861120,12/6/2019,7:38:47 PM,1,0,0,0,0,0,0,0,0,0,1
225264,12/6/2019,7:55:46 PM,0,0,0,0,1,0,0,0,0,0,1
2064807,12/6/2019,8:30:09 PM,0,0,0,1,0,0,0,0,0,0,1
1000225,12/6/2019,9:03:57 PM,1,0,0,1,0,0,0,0,0,1,3
2285261,12/6/2019,9:45:43 PM,0,0,0,0,0,0,0,0,0,2,2
719899,12/6/2019,10:31:27 PM,0,0,0,0,1,0,0,0,0,0,1
930811,12/6/2019,11:55:23 PM,1,0,0,1,0,0,0,0,0,0,2
2765185,13/6/2019,1:16:42 AM,0,0,0,0,2,0,0,0,0,0,2
935947,13/6/2019,6:18:18 AM,0,0,0,1,0,0,0,0,0,0,1
1467283,13/6/2019,7:19:11 AM,0,0,0,1,1,0,0,0,0,0,2
2903379,13/6/2019,7:50:11 AM,1,0,0,1,0,0,0,0,0,0,2
1395655,13/6/2019,8:17:38 AM,0,0,1,0,0,0,0,0,0,0,1
2712781,13/6/2019,8:36:59 AM,1,0,0,0,0,1,0,0,0,0,2
2793861,13/6/2019,8:57:14 AM,0,0,0,0,0,0,0,0,0,1,1
1731721,13/6/2019,9:11:25 AM,0,0,1,0,0,0,0,0,0,0,1
1594992,13/6/2019,9:25:15 AM,1,0,0,0,0,0,0,0,0,0,1
569689,13/6/2019,9:41:08 AM,0,0,0,1,0,0,0,0,0,0,1
1229912,13/6/2019,9:56:25 AM,0,0,0,0,1,0,0,0,0,0,1
273923,13/6/2019,10:09:27 AM,0,0,0,1,0,0,0,0,0,1,2
1440486,13/6/2019,10:22:26 AM,0,0,4,0,0,0,0,0,0,0,4
1625859,13/6/2019,10:34:39 AM,0,0,1,0,0,0,0,0,0,0,1
1481396,13/6/2019,10:46:28 AM,0,0,0,1,0,0,0,0,0,0,1
2705692,13/6/2019,11:02:12 AM,0,0,1,0,0,0,0,0,0,1,2
623935,13/6/2019,11:13:32 AM,0,0,0,1,0,0,0,0,0,0,1
3299436,13/6/2019,11:26:47 AM,0,0,0,0,0,0,0,0,0,1,1
618986,13/6/2019,11:37:35 AM,0,0,1,0,0,0,0,0,0,0,1
3156771,13/6/2019,11:52:27 AM,0,0,0,1,0,0,0,0,0,0,1
910034,13/6/2019,12:08:05 PM,0,0,1,0,0,0,0,0,0,0,1
1630634,13/6/2019,12:19:36 PM,1,0,0,1,0,0,0,0,0,0,2
2981510,13/6/2019,12:31:30 PM,0,0,0,0,0,0,0,0,0,2,2
1461908,13/6/2019,12:39:05 PM,0,0,0,1,0,0,0,0,0,0,1
1445568,13/6/2019,12:52:59 PM,0,0,0,0,0,0,0,0,0,1,1
2616507,13/6/2019,1:04:42 PM,0,0,0,1,0,0,0,0,0,0,1
31216,13/6/2019,1:14:02 PM,0,0,0,1,0,0,0,0,0,0,1
429796,13/6/2019,1:25:25 PM,0,0,0,0,1,0,0,0,0,0,1
582139,13/6/2019,1:38:11 PM,0,0,0,0,1,0,0,0,0,0,1
2612689,13/6/2019,1:49:43 PM,0,0,1,0,0,0,0,0,0,0,1
2544917,13/6/2019,1:58:06 PM,0,0,2,1,0,0,0,0,0,0,3
2773930,13/6/2019,2:06:41 PM,0,0,0,2,0,0,0,0,0,0,2
268063,13/6/2019,2:18:13 PM,0,0,0,1,2,0,0,0,0,0,3
604405,13/6/2019,2:28:24 PM,0,0,0,0,0,0,0,0,0,1,1
947335,13/6/2019,2:38:12 PM,0,0,0,0,1,0,0,0,0,0,1
2699859,13/6/2019,2:47:35 PM,0,0,1,0,0,0,0,0,0,0,1
1064900,13/6/2019,2:57:01 PM,0,0,0,1,0,0,0,0,0,0,1
2195844,13/6/2019,3:09:18 PM,0,0,1,0,0,0,0,0,0,1,2
3243412,13/6/2019,3:21:26 PM,0,1,0,0,0,0,0,0,0,0,1
218379,13/6/2019,3:31:39 PM,0,0,0,1,0,0,0,0,0,0,1
28841,13/6/2019,3:42:53 PM,0,0,0,1,1,0,0,0,1,0,3
608296,13/6/2019,3:52:22 PM,0,0,0,1,0,0,0,0,0,1,2
1284756,13/6/2019,4:06:08 PM,1,0,0,0,1,0,0,0,0,1,3
1984652,13/6/2019,4:17:56 PM,0,1,0,0,0,0,0,0,0,0,1
1159317,13/6/2019,4:28:55 PM,0,0,0,2,0,0,0,0,0,0,2
1807544,13/6/2019,4:41:03 PM,0,0,0,0,1,0,0,0,0,0,1
2489413,13/6/2019,4:56:02 PM,0,0,0,1,0,0,0,0,0,0,1
2883989,13/6/2019,5:06:49 PM,0,0,0,2,0,0,0,0,0,0,2
99495,13/6/2019,5:25:43 PM,0,0,0,1,0,0,0,0,0,0,1
818956,13/6/2019,5:39:48 PM,0,1,0,1,0,0,0,0,0,0,2
543420,13/6/2019,5:49:20 PM,0,0,1,0,0,0,0,0,0,0,1
372217,13/6/2019,6:00:22 PM,0,0,0,1,0,0,0,0,0,0,1
1944694,13/6/2019,6:12:07 PM,0,0,1,0,0,0,0,0,0,0,1
414191,13/6/2019,6:29:06 PM,0,0,1,1,0,0,0,0,0,1,3
885377,13/6/2019,6:42:00 PM,0,0,0,0,0,0,0,0,1,0,1
2979652,13/6/2019,6:58:21 PM,0,0,0,1,0,0,0,0,0,0,1
3303500,13/6/2019,7:16:03 PM,0,0,0,1,0,0,0,0,0,0,1
3297963,13/6/2019,7:39:04 PM,0,0,0,1,0,0,0,0,0,0,1
2784605,13/6/2019,7:55:57 PM,0,0,0,0,1,0,0,0,0,0,1
2196777,13/6/2019,8:30:41 PM,0,0,0,1,0,0,0,0,0,0,1
3228060,13/6/2019,9:06:05 PM,1,0,0,0,0,0,0,0,0,0,1
1609306,13/6/2019,9:48:38 PM,0,0,1,0,0,0,0,0,0,0,1
3080932,13/6/2019,10:36:40 PM,0,0,0,0,1,0,0,0,0,0,1
362049,13/6/2019,11:57:31 PM,0,0,0,2,0,0,0,0,0,0,2
899991,14/6/2019,1:18:54 AM,0,0,0,0,0,0,0,0,1,0,1
3414940,14/6/2019,6:19:33 AM,0,0,5,0,0,0,0,0,0,0,5
482210,14/6/2019,7:22:16 AM,0,0,0,0,0,0,0,0,0,1,1
254795,14/6/2019,7:51:48 AM,0,0,0,0,0,0,0,0,0,1,1
2339045,14/6/2019,8:18:09 AM,0,0,0,0,1,0,0,0,0,0,1
568627,14/6/2019,8:39:04 AM,0,0,0,0,0,0,0,0,0,1,1
2365792,14/6/2019,8:59:01 AM,0,0,0,1,0,0,0,0,0,0,1
2784689,14/6/2019,9:11:55 AM,0,0,0,1,0,0,0,0,0,0,1
1078422,14/6/2019,9:25:45 AM,0,0,0,2,0,0,0,0,0,0,2
2531859,14/6/2019,9:41:11 AM,0,0,1,0,0,0,0,0,0,0,1
2817302,14/6/2019,9:57:18 AM,2,0,4,2,0,0,0,0,0,1,9
1726821,14/6/2019,10:09:58 AM,0,0,0,0,1,0,0,0,0,0,1
2822999,14/6/2019,10:22:42 AM,0,0,0,1,0,0,0,0,0,1,2
471691,14/6/2019,10:35:25 AM,0,0,0,0,1,0,0,0,0,0,1
2540160,14/6/2019,10:46:40 AM,0,0,1,0,1,0,0,0,0,1,3
2647858,14/6/2019,11:03:27 AM,0,0,1,0,0,0,0,0,0,0,1
1480087,14/6/2019,11:13:50 AM,0,0,1,0,0,0,0,0,0,0,1
1528540,14/6/2019,11:27:11 AM,0,0,0,0,0,0,0,0,1,0,1
683536,14/6/2019,11:37:38 AM,1,0,0,0,0,0,0,0,0,0,1
1311114,14/6/2019,11:53:00 AM,0,0,0,1,1,0,0,0,0,0,2
2175064,14/6/2019,12:08:14 PM,0,0,0,1,0,0,0,0,0,0,1
1714708,14/6/2019,12:19:56 PM,0,0,2,0,0,0,0,0,0,0,2
1246551,14/6/2019,12:31:49 PM,1,1,0,0,0,0,0,0,0,0,2
2559275,14/6/2019,12:40:11 PM,0,0,0,0,0,0,0,0,1,0,1
1567251,14/6/2019,12:54:10 PM,0,0,0,0,0,0,0,0,0,1,1
3203582,14/6/2019,1:05:12 PM,0,0,0,1,0,0,0,0,0,0,1
2346976,14/6/2019,1:14:03 PM,0,0,0,0,0,0,0,0,0,1,1
1371917,14/6/2019,1:25:34 PM,0,0,0,1,0,0,0,0,0,0,1
1808985,14/6/2019,1:38:19 PM,0,0,0,0,0,0,0,0,1,0,1
383194,14/6/2019,1:49:43 PM,0,0,0,0,1,0,0,0,0,0,1
334028,14/6/2019,1:58:07 PM,0,0,0,1,0,0,0,0,0,0,1
1365442,14/6/2019,2:07:46 PM,0,0,0,0,0,0,0,0,0,1,1
2309126,14/6/2019,2:18:24 PM,0,0,1,1,0,0,0,0,0,0,2
2189501,14/6/2019,2:28:33 PM,0,0,0,1,0,0,0,0,0,0,1
3240620,14/6/2019,2:38:25 PM,0,0,0,0,0,0,0,0,0,1,1
1345016,14/6/2019,2:47:41 PM,0,0,0,1,0,0,0,0,0,0,1
237369,14/6/2019,2:57:05 PM,0,0,0,1,0,0,0,0,0,0,1
2941769,14/6/2019,3:09:25 PM,0,0,0,0,1,0,0,0,0,1,2
3409707,14/6/2019,3:21:47 PM,0,0,0,0,0,0,0,1,0,0,1
663055,14/6/2019,3:31:42 PM,0,0,0,0,0,1,0,0,0,0,1
2976820,14/6/2019,3:42:54 PM,0,0,0,0,1,1,0,0,1,1,4
3419806,14/6/2019,3:52:28 PM,0,0,0,1,0,0,0,0,0,0,1
2652494,14/6/2019,4:06:52 PM,0,0,0,0,0,0,0,0,0,1,1
3114034,14/6/2019,4:18:08 PM,1,0,0,0,1,0,0,0,0,0,2
2831598,14/6/2019,4:29:20 PM,0,0,0,0,0,0,0,0,0,1,1
2426173,14/6/2019,4:42:55 PM,0,0,0,0,0,0,0,0,0,1,1
341522,14/6/2019,4:56:26 PM,0,0,0,1,0,0,0,0,0,0,1
1508738,14/6/2019,5:07:07 PM,0,0,0,1,0,0,0,0,0,0,1
477809,14/6/2019,5:26:26 PM,0,0,0,1,0,0,0,0,0,0,1
1425405,14/6/2019,5:39:48 PM,0,0,0,1,0,0,0,0,0,0,1
3117330,14/6/2019,5:49:30 PM,0,0,0,1,1,0,0,0,1,0,3
671201,14/6/2019,6:01:11 PM,0,0,1,0,1,0,0,0,0,1,3
1250419,14/6/2019,6:12:50 PM,0,0,1,0,0,0,0,0,0,0,1
3368667,14/6/2019,6:29:38 PM,0,0,1,0,0,0,0,0,0,0,1
2614981,14/6/2019,6:42:06 PM,0,0,1,0,0,0,0,0,0,0,1
177753,14/6/2019,6:58:51 PM,0,0,1,0,0,0,0,0,0,0,1
1348880,14/6/2019,7:18:22 PM,0,0,1,0,0,0,0,0,0,1,2
1642122,14/6/2019,7:40:10 PM,0,0,0,1,0,0,0,0,0,0,1
3185449,14/6/2019,7:56:58 PM,0,0,0,1,0,0,0,0,0,0,1
1291386,14/6/2019,8:31:43 PM,0,0,0,0,1,0,0,0,0,0,1
1502119,14/6/2019,9:09:09 PM,0,0,0,1,0,1,0,0,0,0,2
899461,14/6/2019,9:50:23 PM,0,0,0,1,0,0,0,0,0,0,1
710669,14/6/2019,10:41:45 PM,0,0,0,1,0,0,0,0,0,0,1
1015146,14/6/2019,11:58:02 PM,0,0,3,0,1,0,0,0,0,0,4
3005410,15/6/2019,1:19:54 AM,0,0,0,0,1,0,0,0,0,0,1
844238,15/6/2019,6:26:25 AM,0,0,0,1,0,0,0,0,0,0,1
3094681,15/6/2019,7:22:17 AM,0,0,0,1,0,0,0,0,0,0,1
2426936,15/6/2019,7:55:25 AM,0,0,0,1,0,0,0,0,0,0,1
1186707,15/6/2019,8:18:38 AM,0,0,0,1,1,1,0,0,0,0,3
748106,15/6/2019,8:39:16 AM,0,0,0,1,0,0,0,0,0,0,1
1747533,15/6/2019,8:59:33 AM,0,0,3,0,0,0,0,0,0,1,4
968680,15/6/2019,9:12:50 AM,0,0,0,0,1,0,0,0,0,0,1
1400564,15/6/2019,9:25:58 AM,0,0,0,1,1,0,0,0,0,0,2
296042,15/6/2019,9:42:33 AM,0,1,0,0,0,0,0,0,0,0,1
3157775,15/6/2019,9:57:33 AM,1,0,0,0,0,0,0,0,0,1,2
235760,15/6/2019,10:10:28 AM,0,0,1,0,1,0,0,0,0,0,2
845718,15/6/2019,10:23:09 AM,0,0,0,1,0,0,0,0,0,0,1
821575,15/6/2019,10:35:35 AM,0,0,1,0,0,0,0,0,0,0,1
3363740,15/6/2019,10:46:50 AM,0,0,1,0,0,0,0,0,0,0,1
2615518,15/6/2019,11:03:29 AM,0,0,1,0,0,0,0,0,0,0,1
492948,15/6/2019,11:14:13 AM,0,0,0,1,0,0,0,0,0,0,1
1478839,15/6/2019,11:28:16 AM,0,0,0,1,0,0,0,0,0,0,1
1335910,15/6/2019,11:37:39 AM,0,0,0,0,0,0,0,0,0,1,1
2663560,15/6/2019,11:53:06 AM,0,0,0,1,0,0,0,0,0,0,1
2961682,15/6/2019,12:09:10 PM,0,0,0,0,0,0,0,0,1,0,1
2263911,15/6/2019,12:20:35 PM,0,0,1,0,0,0,0,0,0,0,1
2811875,15/6/2019,12:31:53 PM,0,0,0,0,0,0,0,0,0,1,1
2763490,15/6/2019,12:40:41 PM,0,0,0,1,0,0,0,0,0,0,1
2959820,15/6/2019,12:54:18 PM,0,0,0,0,0,0,0,0,0,1,1
2579111,15/6/2019,1:05:16 PM,0,0,0,0,0,0,0,0,0,1,1
1694633,15/6/2019,1:14:29 PM,0,0,1,0,0,0,0,0,0,0,1
701802,15/6/2019,1:27:12 PM,0,0,0,1,0,0,0,0,0,0,1
2079590,15/6/2019,1:38:31 PM,0,0,3,0,0,0,0,0,0,0,3
492855,15/6/2019,1:50:01 PM,1,0,1,0,0,0,0,0,0,0,2
170058,15/6/2019,1:58:32 PM,0,0,0,0,0,0,1,0,0,0,1
884628,15/6/2019,2:08:16 PM,0,0,0,0,0,0,0,0,0,1,1
3182741,15/6/2019,2:18:32 PM,0,0,0,1,0,0,0,0,0,0,1
1747329,15/6/2019,2:28:48 PM,0,0,0,1,0,0,0,0,0,0,1
999060,15/6/2019,2:39:36 PM,0,0,0,1,0,0,0,0,0,0,1
1190330,15/6/2019,2:47:43 PM,1,0,0,0,0,0,0,0,0,0,1
1987969,15/6/2019,2:57:11 PM,0,0,0,3,0,0,0,0,0,1,4
794197,15/6/2019,3:10:19 PM,0,0,0,0,1,0,0,0,0,1,2
1840741,15/6/2019,3:23:16 PM,0,0,3,0,0,0,0,0,0,0,3
2079431,15/6/2019,3:33:16 PM,0,1,0,0,0,0,0,0,0,0,1
98968,15/6/2019,3:43:16 PM,0,0,0,0,0,0,0,0,0,1,1
2049775,15/6/2019,3:52:33 PM,0,0,0,1,0,0,0,0,0,0,1
875813,15/6/2019,4:07:29 PM,0,1,0,0,0,0,0,0,0,0,1
996929,15/6/2019,4:18:18 PM,1,0,2,0,0,0,0,0,0,0,3
2298945,15/6/2019,4:30:06 PM,0,0,0,0,1,0,0,0,0,0,1
1545246,15/6/2019,4:43:49 PM,0,0,1,1,0,0,0,0,0,1,3
425554,15/6/2019,4:56:38 PM,1,0,0,0,0,0,0,0,0,1,2
2237770,15/6/2019,5:07:24 PM,0,0,0,1,0,0,0,0,0,0,1
1018145,15/6/2019,5:26:31 PM,0,0,1,0,0,0,0,0,0,0,1
3106064,15/6/2019,5:39:58 PM,0,0,0,1,0,0,0,0,0,0,1
2307692,15/6/2019,5:49:35 PM,0,0,0,1,0,0,0,0,0,0,1
1598652,15/6/2019,6:01:48 PM,0,0,0,0,1,0,1,0,0,0,2
410734,15/6/2019,6:12:55 PM,0,0,4,0,0,0,0,0,0,0,4
2562084,15/6/2019,6:30:56 PM,0,0,0,0,1,0,0,0,0,0,1
2912327,15/6/2019,6:42:37 PM,0,0,0,1,0,0,0,0,0,0,1
2868226,15/6/2019,6:59:07 PM,0,0,0,1,0,0,0,0,0,0,1
1471535,15/6/2019,7:18:40 PM,0,1,0,0,1,0,0,0,0,0,2
3106014,15/6/2019,7:40:19 PM,0,0,1,0,0,0,0,0,0,0,1
2495702,15/6/2019,7:57:04 PM,0,0,0,1,0,0,0,0,0,0,1
686952,15/6/2019,8:31:44 PM,0,0,1,0,0,0,0,0,0,0,1
434591,15/6/2019,9:09:34 PM,0,0,0,0,0,3,0,0,0,0,3
272174,15/6/2019,9:51:46 PM,0,0,0,0,1,0,0,0,0,0,1
241257,15/6/2019,10:42:33 PM,0,0,0,1,0,0,0,0,0,0,1
3193956,15/6/2019,11:59:25 PM,0,0,1,0,0,0,0,0,0,1,2
982672,16/6/2019,1:20:50 AM,0,0,0,0,0,0,0,0,1,0,1
2013530,16/6/2019,6:29:27 AM,0,0,0,0,1,0,0,0,0,0,1
990780,16/6/2019,7:22:54 AM,0,0,0,1,0,0,0,0,0,0,1
1666505,16/6/2019,7:57:25 AM,0,0,0,0,1,0,0,0,0,0,1
629953,16/6/2019,8:20:50 AM,0,0,0,0,2,0,0,0,0,0,2
3126857,16/6/2019,8:39:49 AM,0,0,0,1,0,0,0,0,0,0,1
888938,16/6/2019,8:59:47 AM,0,0,0,1,0,0,0,0,2,0,3
2673657,16/6/2019,9:12:55 AM,1,0,0,0,0,0,0,0,0,0,1
758496,16/6/2019,9:26:34 AM,1,0,0,0,0,0,0,0,0,0,1
2759970,16/6/2019,9:42:59 AM,0,0,0,0,1,0,0,0,0,0,1
2345211,16/6/2019,9:57:54 AM,1,0,1,0,0,0,0,0,0,0,2
1766431,16/6/2019,10:10:55 AM,0,0,0,0,1,0,0,0,0,0,1
1008914,16/6/2019,10:23:09 AM,0,0,0,0,0,0,0,0,1,0,1
2428592,16/6/2019,10:35:54 AM,0,0,0,1,1,0,0,0,0,0,2
2034290,16/6/2019,10:47:46 AM,1,0,0,0,0,0,0,0,0,0,1
968501,16/6/2019,11:04:08 AM,0,0,0,0,0,4,0,0,0,0,4
214557,16/6/2019,11:14:44 AM,0,0,0,0,0,0,0,0,1,1,2
3310123,16/6/2019,11:28:32 AM,0,0,0,0,1,0,0,0,0,0,1
3340040,16/6/2019,11:38:13 AM,1,0,0,0,0,0,0,0,0,0,1
600465,16/6/2019,11:53:21 AM,0,0,0,1,0,0,0,0,1,0,2
1132855,16/6/2019,12:09:41 PM,0,0,0,1,0,0,0,0,0,0,1
984155,16/6/2019,12:21:13 PM,0,0,0,1,0,0,0,0,0,0,1
1125352,16/6/2019,12:31:54 PM,0,0,0,0,0,0,0,0,0,1,1
1587777,16/6/2019,12:40:43 PM,0,0,0,1,0,0,0,0,0,0,1
2976434,16/6/2019,12:54:24 PM,1,0,0,0,0,0,0,0,0,1,2
622405,16/6/2019,1:06:03 PM,0,0,0,1,0,0,0,0,0,0,1
28318,16/6/2019,1:14:52 PM,0,0,0,1,0,0,0,0,0,0,1
2199463,16/6/2019,1:27:35 PM,0,0,0,0,0,0,0,0,0,1,1
1441631,16/6/2019,1:39:50 PM,0,0,0,0,0,0,0,0,1,0,1
424517,16/6/2019,1:50:23 PM,0,0,0,0,1,0,0,0,0,0,1
421505,16/6/2019,1:58:40 PM,0,0,0,0,1,0,0,0,0,0,1
3167352,16/6/2019,2:09:33 PM,0,0,2,0,0,0,0,0,0,1,3
802352,16/6/2019,2:18:58 PM,0,0,1,0,0,0,0,0,0,0,1
502404,16/6/2019,2:28:55 PM,0,0,0,0,1,0,0,0,0,0,1
3297331,16/6/2019,2:39:40 PM,0,0,0,1,0,0,0,0,0,0,1
1644988,16/6/2019,2:47:48 PM,0,0,0,0,1,0,0,0,0,0,1
384942,16/6/2019,2:57:12 PM,0,0,1,1,0,0,0,0,0,0,2
784475,16/6/2019,3:10:42 PM,0,0,0,0,1,0,0,0,0,0,1
2884512,16/6/2019,3:23:20 PM,0,0,0,1,0,0,0,0,0,0,1
2493049,16/6/2019,3:33:18 PM,0,0,1,0,0,0,0,0,0,0,1
2413475,16/6/2019,3:43:32 PM,0,0,0,1,0,0,0,0,0,0,1
3344543,16/6/2019,3:53:24 PM,0,0,0,1,0,0,0,0,0,0,1
417779,16/6/2019,4:07:36 PM,0,0,1,0,0,0,0,0,0,0,1
327268,16/6/2019,4:18:57 PM,0,0,0,1,0,0,0,0,0,0,1
411162,16/6/2019,4:30:30 PM,0,0,0,1,0,0,0,0,0,0,1
1721723,16/6/2019,4:43:53 PM,0,0,0,1,1,0,0,0,0,0,2
1246866,16/6/2019,4:57:08 PM,0,0,0,0,0,0,0,0,0,1,1
2085413,16/6/2019,5:07:34 PM,0,0,0,1,1,0,0,0,0,0,2
3369314,16/6/2019,5:26:39 PM,0,0,0,0,1,0,0,0,0,0,1
1625256,16/6/2019,5:40:27 PM,0,0,0,1,0,0,0,0,0,0,1
1897758,16/6/2019,5:49:41 PM,0,0,0,0,1,0,0,0,0,0,1
2278303,16/6/2019,6:02:14 PM,1,0,0,1,0,0,0,0,0,1,3
198251,16/6/2019,6:13:01 PM,0,0,0,0,0,0,0,0,0,1,1
2875458,16/6/2019,6:31:13 PM,1,0,0,0,0,0,0,0,0,0,1
313756,16/6/2019,6:43:34 PM,0,0,0,0,0,0,0,0,0,1,1
541612,16/6/2019,6:59:12 PM,1,0,0,0,0,0,0,0,0,0,1
668693,16/6/2019,7:20:00 PM,0,0,0,0,0,0,0,0,1,0,1
995410,16/6/2019,7:40:50 PM,0,0,0,0,0,0,1,0,0,0,1
2110150,16/6/2019,7:57:26 PM,0,0,1,1,1,0,0,0,0,0,3
653986,16/6/2019,8:33:04 PM,0,0,0,1,0,0,0,0,0,0,1
680722,16/6/2019,9:11:24 PM,0,0,0,0,0,0,0,0,1,0,1
3332026,16/6/2019,9:52:43 PM,0,0,0,1,0,0,0,0,0,0,1
2911813,16/6/2019,10:46:20 PM,0,0,0,1,0,0,0,0,0,0,1
364332,17/6/2019,1:22:26 AM,0,1,0,0,0,0,0,0,0,0,1
804356,17/6/2019,6:29:53 AM,0,0,0,1,0,0,0,0,0,0,1
1909144,17/6/2019,7:23:50 AM,0,0,0,0,0,0,0,0,0,1,1
1070209,17/6/2019,8:00:28 AM,0,0,0,0,0,0,0,0,0,1,1
2896891,17/6/2019,8:21:19 AM,1,0,0,0,0,0,0,0,0,0,1
1677717,17/6/2019,8:39:57 AM,0,0,0,0,0,0,0,0,1,0,1
2067846,17/6/2019,8:59:58 AM,1,0,0,0,0,0,0,0,0,0,1
2282006,17/6/2019,9:13:27 AM,0,0,1,0,0,0,0,0,0,0,1
1314166,17/6/2019,9:26:36 AM,0,0,0,0,0,1,0,0,0,0,1
2367350,17/6/2019,9:43:40 AM,1,0,0,0,0,0,0,0,0,0,1
2564132,17/6/2019,9:58:21 AM,0,0,0,0,0,0,0,0,0,1,1
1936324,17/6/2019,10:12:08 AM,0,0,0,1,0,0,0,0,0,0,1
869884,17/6/2019,10:23:16 AM,0,0,0,0,0,0,0,0,0,2,2
310303,17/6/2019,10:36:08 AM,0,0,0,1,0,0,0,0,0,0,1
127349,17/6/2019,10:49:05 AM,1,0,0,0,0,0,0,0,0,0,1
1538322,17/6/2019,11:04:17 AM,0,0,2,0,0,0,0,0,0,0,2
1697904,17/6/2019,11:15:18 AM,1,0,0,0,0,0,0,0,0,1,2
1453632,17/6/2019,11:28:42 AM,3,0,0,0,0,1,0,0,0,0,4
573406,17/6/2019,11:38:24 AM,0,0,0,1,1,0,0,0,0,0,2
712741,17/6/2019,11:53:32 AM,1,0,0,0,0,0,0,0,0,1,2
1665250,17/6/2019,12:10:19 PM,0,0,0,0,0,0,0,0,0,1,1
1666521,17/6/2019,12:21:17 PM,0,0,0,1,1,0,0,0,0,0,2
1479736,17/6/2019,12:32:33 PM,0,0,0,1,0,0,0,0,0,0,1
911597,17/6/2019,12:42:02 PM,0,0,0,1,0,0,0,0,0,0,1
1021024,17/6/2019,12:55:13 PM,0,0,0,1,0,0,0,0,0,0,1
1682908,17/6/2019,1:06:14 PM,0,0,0,0,1,0,0,0,0,0,1
1046974,17/6/2019,1:15:10 PM,0,0,0,2,0,0,0,0,0,0,2
914101,17/6/2019,1:27:51 PM,0,0,1,0,0,0,0,0,0,0,1
2136949,17/6/2019,1:41:39 PM,0,0,0,1,0,0,0,0,0,0,1
2127983,17/6/2019,1:50:25 PM,1,0,0,1,0,0,0,0,0,0,2
139611,17/6/2019,1:59:14 PM,0,0,0,0,1,1,0,0,0,1,3
2498328,17/6/2019,2:09:55 PM,0,0,0,1,0,0,0,0,0,0,1
1336827,17/6/2019,2:19:05 PM,2,0,0,0,0,0,0,0,0,0,2
3420894,17/6/2019,2:29:03 PM,0,0,0,0,0,0,0,0,1,0,1
2829206,17/6/2019,2:40:19 PM,0,0,0,1,0,0,0,0,0,0,1
3104705,17/6/2019,2:48:00 PM,0,0,0,0,0,0,0,0,1,0,1
3175128,17/6/2019,2:57:26 PM,0,0,0,0,1,0,0,0,0,0,1
63153,17/6/2019,3:10:47 PM,0,0,1,0,0,0,0,0,0,0,1
347036,17/6/2019,3:23:24 PM,0,0,0,0,0,0,0,0,3,0,3
2508059,17/6/2019,3:33:19 PM,0,0,0,1,0,0,0,0,0,0,1
1483729,17/6/2019,3:43:35 PM,0,0,4,0,0,0,0,0,0,0,4
1188487,17/6/2019,3:53:31 PM,0,0,0,0,0,0,0,0,0,1,1
1033877,17/6/2019,4:07:48 PM,0,0,0,1,0,0,0,0,0,1,2
2333787,17/6/2019,4:19:01 PM,0,0,0,1,0,0,0,0,0,0,1
316364,17/6/2019,4:31:03 PM,0,0,1,0,1,0,0,0,0,0,2
1385605,17/6/2019,4:43:59 PM,0,0,0,1,0,1,0,0,0,0,2
2232336,17/6/2019,4:57:23 PM,0,0,0,1,0,0,0,0,1,0,2
2398179,17/6/2019,5:09:15 PM,0,0,1,0,0,0,0,0,0,0,1
3392845,17/6/2019,5:26:46 PM,0,0,0,1,0,0,0,0,0,0,1
2224202,17/6/2019,5:41:27 PM,0,0,0,0,0,0,0,0,0,1,1
1076764,17/6/2019,5:49:49 PM,0,0,0,1,1,0,0,0,0,0,2
1512481,17/6/2019,6:02:23 PM,0,0,0,1,0,0,0,0,0,0,1
180507,17/6/2019,6:13:49 PM,0,1,0,0,0,0,0,0,0,0,1
261671,17/6/2019,6:31:21 PM,0,0,0,0,0,0,0,0,0,1,1
1551349,17/6/2019,6:44:00 PM,0,0,0,2,0,0,0,0,0,0,2
3319092,17/6/2019,7:00:30 PM,1,0,0,1,0,0,0,0,0,0,2
1784241,17/6/2019,7:21:30 PM,0,0,0,0,0,0,0,0,0,1,1
2218060,17/6/2019,7:41:11 PM,0,0,0,1,0,0,0,0,0,0,1
510973,17/6/2019,7:59:33 PM,0,0,0,1,0,0,0,0,0,0,1
833286,17/6/2019,8:33:57 PM,0,0,1,0,0,0,0,0,0,0,1
761261,17/6/2019,9:12:14 PM,0,0,0,1,0,0,0,0,0,0,1
1532610,17/6/2019,9:53:13 PM,0,0,1,0,0,0,0,0,0,0,1
1101025,17/6/2019,10:48:19 PM,1,0,1,0,1,0,1,0,0,0,4
163919,18/6/2019,1:43:53 AM,0,0,2,0,0,0,0,0,0,0,2
3305741,18/6/2019,6:30:50 AM,0,0,0,2,0,0,0,0,0,0,2
1553858,18/6/2019,7:24:11 AM,0,0,0,0,0,0,0,0,1,1,2
2694204,18/6/2019,8:01:26 AM,0,0,2,0,0,0,0,0,0,0,2
3237489,18/6/2019,8:21:56 AM,0,0,0,1,0,0,0,0,0,0,1
2447381,18/6/2019,8:40:04 AM,0,0,0,1,0,0,0,0,0,0,1
1232656,18/6/2019,9:00:11 AM,1,0,0,0,0,0,0,0,0,0,1
2615733,18/6/2019,9:13:53 AM,0,0,0,1,0,0,0,0,0,0,1
1201592,18/6/2019,9:27:00 AM,0,0,0,1,0,0,0,0,0,0,1
2703026,18/6/2019,9:45:18 AM,0,0,0,0,1,1,0,0,0,0,2
2858864,18/6/2019,9:59:07 AM,0,0,0,0,0,0,0,0,0,1,1
1700639,18/6/2019,10:12:51 AM,0,0,2,0,0,0,0,0,0,0,2
3411862,18/6/2019,10:23:43 AM,0,0,0,0,1,1,0,0,0,0,2
3157747,18/6/2019,10:36:25 AM,0,0,0,1,0,0,0,0,0,0,1
2186240,18/6/2019,10:49:51 AM,0,1,0,0,0,0,0,0,0,0,1
336670,18/6/2019,11:04:17 AM,0,0,0,1,0,1,0,0,0,0,2
1906507,18/6/2019,11:15:56 AM,0,0,0,0,0,0,0,0,1,0,1
2056239,18/6/2019,11:29:09 AM,1,0,0,0,0,1,0,0,0,0,2
3281996,18/6/2019,11:38:46 AM,0,0,0,0,0,0,0,0,1,0,1
1057228,18/6/2019,11:54:14 AM,0,0,0,1,0,0,0,0,0,0,1
695670,18/6/2019,12:10:33 PM,0,0,1,1,0,0,0,0,0,1,3
2921965,18/6/2019,12:21:27 PM,0,0,0,0,0,0,0,0,0,1,1
2141986,18/6/2019,12:32:35 PM,0,0,0,0,0,0,0,0,0,1,1
312413,18/6/2019,12:43:44 PM,1,0,0,0,1,0,0,0,0,0,2
599162,18/6/2019,12:55:55 PM,0,0,1,0,0,2,0,0,0,0,3
1107986,18/6/2019,1:06:16 PM,0,0,0,0,1,0,0,0,0,0,1
1396020,18/6/2019,1:15:24 PM,0,0,0,1,0,0,0,0,0,0,1
110341,18/6/2019,1:28:44 PM,0,0,0,0,0,0,0,0,0,1,1
929955,18/6/2019,1:42:00 PM,0,0,1,0,0,0,0,0,0,0,1
3346974,18/6/2019,1:51:20 PM,0,0,0,0,0,0,0,0,0,1,1
488698,18/6/2019,1:59:16 PM,0,0,0,0,1,0,0,0,0,0,1
957446,18/6/2019,2:09:57 PM,0,0,0,1,0,0,0,0,0,0,1
2219808,18/6/2019,2:19:16 PM,0,0,0,1,0,0,0,0,0,0,1
2248042,18/6/2019,2:29:17 PM,1,0,1,0,0,0,0,0,0,0,2
3324572,18/6/2019,2:40:27 PM,0,0,0,1,0,0,0,0,0,1,2
1967189,18/6/2019,2:48:05 PM,0,0,1,1,1,0,0,0,0,0,3
3343177,18/6/2019,2:57:37 PM,0,0,1,0,0,0,0,0,0,1,2
51688,18/6/2019,3:10:57 PM,0,0,1,0,1,0,0,0,1,0,3
390821,18/6/2019,3:23:36 PM,0,0,0,1,0,0,0,0,0,1,2
1594427,18/6/2019,3:33:53 PM,0,0,0,0,1,0,0,0,0,0,1
859166,18/6/2019,3:43:57 PM,0,0,1,0,0,0,0,0,0,0,1
3014217,18/6/2019,3:53:52 PM,0,0,0,1,0,0,0,0,0,0,1
37737,18/6/2019,4:08:08 PM,0,0,1,0,0,0,0,0,0,0,1
3015169,18/6/2019,4:19:27 PM,0,0,0,0,0,0,0,0,1,0,1
1823900,18/6/2019,4:31:38 PM,0,0,1,0,0,0,0,0,1,0,2
3386832,18/6/2019,4:44:05 PM,0,0,0,2,1,0,0,0,0,1,4
652344,18/6/2019,4:58:21 PM,0,0,0,1,0,0,0,0,0,0,1
1943117,18/6/2019,5:09:42 PM,0,0,0,1,0,0,0,0,0,0,1
1743184,18/6/2019,5:26:54 PM,0,0,0,1,1,0,0,0,0,0,2
1221647,18/6/2019,5:41:38 PM,0,0,0,0,1,0,0,0,0,1,2
2706556,18/6/2019,5:50:16 PM,1,0,0,0,0,0,0,0,0,0,1
573613,18/6/2019,6:03:04 PM,0,0,0,0,0,0,0,0,0,1,1
628471,18/6/2019,6:14:16 PM,0,0,0,1,0,0,0,0,0,0,1
1735396,18/6/2019,6:31:35 PM,0,0,1,0,1,0,0,0,0,0,2
196148,18/6/2019,6:45:16 PM,0,0,0,0,0,0,0,0,1,0,1
2583208,18/6/2019,7:01:36 PM,0,0,1,0,1,0,0,0,0,0,2
1254071,18/6/2019,7:21:36 PM,0,0,1,0,0,0,0,0,0,0,1
964231,18/6/2019,7:41:17 PM,0,0,0,0,0,0,0,0,1,0,1
2270088,18/6/2019,8:00:58 PM,0,0,0,0,0,0,0,0,1,0,1
1668081,18/6/2019,8:34:44 PM,0,0,0,1,0,0,0,0,0,0,1
13586,18/6/2019,9:14:01 PM,0,0,1,0,0,0,0,0,0,0,1
3176927,18/6/2019,9:54:27 PM,0,0,0,0,1,0,0,0,0,0,1
2227558,18/6/2019,10:48:19 PM,0,0,0,0,1,0,0,0,0,0,1
1849189,19/6/2019,1:53:10 AM,1,0,0,0,0,0,1,0,0,0,2
1079355,19/6/2019,6:31:36 AM,0,0,0,1,2,0,0,0,0,0,3
631614,19/6/2019,7:24:50 AM,0,0,1,0,0,0,0,0,0,0,1
1541893,19/6/2019,8:02:21 AM,0,0,0,1,0,0,0,0,0,0,1
3139536,19/6/2019,8:22:14 AM,0,0,1,1,1,1,0,0,0,0,4
788290,19/6/2019,8:41:02 AM,0,0,1,0,1,4,0,0,0,0,6
2408705,19/6/2019,9:02:09 AM,0,0,0,1,0,0,0,0,0,0,1
2634791,19/6/2019,9:13:57 AM,0,0,0,1,0,0,0,0,0,1,2
1668581,19/6/2019,9:27:30 AM,0,0,0,0,0,0,1,0,0,0,1
1657013,19/6/2019,9:45:21 AM,0,0,0,1,0,0,0,0,0,0,1
2681456,19/6/2019,9:59:07 AM,0,0,0,1,0,0,0,0,0,0,1
2074548,19/6/2019,10:13:51 AM,0,0,0,1,0,0,0,0,0,0,1
1648180,19/6/2019,10:24:10 AM,0,0,3,0,0,0,0,0,0,0,3
2460872,19/6/2019,10:36:29 AM,0,0,1,0,0,0,0,0,0,0,1
688175,19/6/2019,10:52:01 AM,0,0,1,0,0,0,0,0,0,1,2
503957,19/6/2019,11:05:12 AM,0,0,0,1,0,0,0,0,1,0,2
1580632,19/6/2019,11:16:25 AM,0,0,1,0,0,0,0,0,2,0,3
3172676,19/6/2019,11:29:34 AM,0,0,0,2,0,0,0,0,0,0,2
2673608,19/6/2019,11:39:24 AM,0,0,0,0,0,0,0,0,0,1,1
386673,19/6/2019,11:55:09 AM,0,0,0,1,1,0,0,0,0,1,3
2823599,19/6/2019,12:10:52 PM,0,0,0,0,1,0,0,0,0,0,1
911307,19/6/2019,12:22:21 PM,0,0,0,0,0,0,0,0,0,1,1
2237534,19/6/2019,12:32:54 PM,0,0,1,1,0,0,0,0,0,1,3
394940,19/6/2019,12:43:55 PM,0,0,0,0,0,0,0,0,0,1,1
196116,19/6/2019,12:56:03 PM,0,0,0,1,0,0,0,0,0,0,1
1616804,19/6/2019,1:06:35 PM,0,0,0,2,0,0,0,0,0,0,2
353572,19/6/2019,1:15:25 PM,0,0,0,1,0,0,0,0,0,0,1
2813017,19/6/2019,1:29:15 PM,0,0,0,0,0,1,0,0,0,0,1
2020920,19/6/2019,1:42:08 PM,0,0,0,1,0,0,0,0,0,0,1
1972830,19/6/2019,1:51:20 PM,1,0,0,1,0,1,0,0,1,0,4
2389088,19/6/2019,1:59:22 PM,0,1,0,1,0,0,0,0,1,1,4
3269453,19/6/2019,2:10:23 PM,0,0,1,0,0,0,0,0,0,0,1
2338366,19/6/2019,2:19:28 PM,1,0,0,0,0,0,0,0,0,0,1
991491,19/6/2019,2:29:38 PM,0,0,0,1,0,0,0,0,0,0,1
1105163,19/6/2019,2:41:04 PM,0,0,0,1,0,0,0,0,0,0,1
1731430,19/6/2019,2:48:30 PM,0,0,0,1,0,0,0,0,0,1,2
2527692,19/6/2019,2:57:37 PM,0,1,0,1,0,0,0,0,0,0,2
699766,19/6/2019,3:11:42 PM,0,0,0,0,0,0,0,0,0,1,1
461537,19/6/2019,3:23:51 PM,0,0,0,1,0,0,0,0,0,0,1
1858067,19/6/2019,3:33:55 PM,0,0,0,1,0,0,0,0,0,0,1
1595227,19/6/2019,3:45:00 PM,0,0,0,1,0,0,0,0,0,0,1
1582168,19/6/2019,3:53:53 PM,0,0,0,1,0,0,0,0,0,0,1
1798882,19/6/2019,4:08:09 PM,0,0,0,0,1,0,0,0,0,0,1
609375,19/6/2019,4:19:36 PM,0,0,1,0,1,0,0,0,0,0,2
2526183,19/6/2019,4:32:18 PM,0,0,2,0,0,0,0,0,0,0,2
35391,19/6/2019,4:44:11 PM,0,0,0,1,0,0,0,0,0,0,1
33983,19/6/2019,4:58:47 PM,0,0,0,1,0,0,0,0,1,0,2
3420769,19/6/2019,5:10:48 PM,1,0,0,0,0,0,0,0,0,0,1
1384019,19/6/2019,5:28:18 PM,0,0,0,2,0,0,0,0,0,0,2
2092588,19/6/2019,5:42:07 PM,0,2,0,0,4,1,0,0,0,0,7
1705054,19/6/2019,5:50:24 PM,0,0,0,0,1,0,0,0,0,0,1
581918,19/6/2019,6:03:11 PM,0,0,0,0,1,0,0,0,0,0,1
1330979,19/6/2019,6:14:17 PM,0,0,0,1,0,0,0,0,0,0,1
3407752,19/6/2019,6:31:36 PM,0,0,0,0,0,1,0,0,0,0,1
1383231,19/6/2019,6:45:23 PM,0,0,0,0,1,0,0,0,0,0,1
692962,19/6/2019,7:01:36 PM,0,0,0,1,0,0,0,0,0,0,1
573466,19/6/2019,7:21:37 PM,0,0,0,1,0,0,0,0,0,0,1
979166,19/6/2019,7:41:29 PM,0,0,0,1,0,0,0,0,0,1,2
3351205,19/6/2019,8:01:57 PM,0,0,0,1,0,0,0,0,0,0,1
3375344,19/6/2019,8:35:03 PM,1,0,0,2,1,0,0,0,0,0,4
260160,19/6/2019,9:16:17 PM,0,0,1,0,1,0,0,0,0,0,2
2407809,19/6/2019,9:54:28 PM,0,0,0,1,0,0,0,0,0,0,1
2016633,19/6/2019,10:51:56 PM,0,0,0,0,0,1,0,0,0,0,1
705612,20/6/2019,1:56:10 AM,1,0,0,0,0,0,0,0,1,0,2
3269264,20/6/2019,6:33:44 AM,0,0,0,0,0,0,0,0,0,1,1
2867605,20/6/2019,7:26:14 AM,0,0,0,1,0,0,0,0,0,0,1
426461,20/6/2019,8:02:51 AM,0,0,0,0,1,0,0,0,1,0,2
1681720,20/6/2019,8:22:32 AM,0,0,0,1,0,0,0,0,0,0,1
2882050,20/6/2019,8:41:05 AM,0,0,0,1,0,0,0,0,0,0,1
1835496,20/6/2019,9:02:42 AM,0,0,0,1,0,0,0,0,0,0,1
1519463,20/6/2019,9:14:12 AM,0,0,1,0,0,0,0,0,0,0,1
2640232,20/6/2019,9:29:17 AM,0,0,0,0,0,1,0,0,0,0,1
1543099,20/6/2019,9:45:38 AM,0,0,0,0,0,0,0,0,0,2,2
3205395,20/6/2019,9:59:25 AM,0,0,0,0,1,0,0,0,0,0,1
1664960,20/6/2019,10:14:52 AM,0,0,1,0,0,0,0,0,0,0,1
688473,20/6/2019,10:24:45 AM,0,0,0,1,0,0,0,0,0,0,1
2887653,20/6/2019,10:36:49 AM,1,0,0,1,1,0,0,0,0,0,3
2729897,20/6/2019,10:52:52 AM,0,0,0,0,0,0,0,0,1,0,1
976000,20/6/2019,11:05:12 AM,0,0,1,0,0,0,0,0,0,0,1
546758,20/6/2019,11:16:51 AM,0,1,0,0,0,0,0,0,0,0,1
3133642,20/6/2019,11:29:38 AM,0,0,0,0,1,0,1,0,0,0,2
2054390,20/6/2019,11:39:30 AM,0,0,0,0,1,0,0,0,1,1,3
1253263,20/6/2019,11:56:00 AM,0,0,0,0,0,1,0,0,0,0,1
2492456,20/6/2019,12:11:03 PM,1,0,0,0,0,0,0,0,0,0,1
134419,20/6/2019,12:23:11 PM,0,0,1,0,0,0,0,0,0,0,1
2542518,20/6/2019,12:33:12 PM,0,0,0,0,0,1,0,0,1,1,3
306798,20/6/2019,12:44:18 PM,0,0,0,0,0,0,0,0,1,0,1
1194493,20/6/2019,12:56:24 PM,0,0,0,1,0,0,0,0,0,0,1
717493,20/6/2019,1:06:37 PM,1,0,1,0,0,0,0,0,0,0,2
499145,20/6/2019,1:15:36 PM,0,0,0,0,0,0,0,0,1,0,1
385361,20/6/2019,1:29:27 PM,1,0,0,0,0,0,0,0,0,0,1
969765,20/6/2019,1:42:21 PM,0,0,0,1,0,0,0,0,0,0,1
1827520,20/6/2019,1:51:32 PM,0,0,0,0,0,0,0,0,0,1,1
675163,20/6/2019,2:00:20 PM,0,0,1,0,0,0,0,0,0,0,1
1145871,20/6/2019,2:11:19 PM,0,0,1,0,0,0,0,0,0,0,1
1558773,20/6/2019,2:20:31 PM,2,0,0,1,0,0,0,0,0,0,3
2072471,20/6/2019,2:29:51 PM,0,0,0,1,0,0,0,0,0,0,1
3111728,20/6/2019,2:41:04 PM,0,0,0,1,0,0,0,0,0,0,1
411449,20/6/2019,2:48:38 PM,0,0,0,0,0,0,0,0,0,1,1
2556579,20/6/2019,2:57:49 PM,0,0,1,0,0,0,0,0,0,0,1
1599039,20/6/2019,3:12:03 PM,0,0,1,0,0,0,0,0,0,0,1
1466316,20/6/2019,3:24:08 PM,0,0,1,0,0,0,0,0,0,0,1
1994163,20/6/2019,3:34:08 PM,2,0,0,0,0,0,0,0,0,0,2
188610,20/6/2019,3:45:06 PM,0,0,0,1,0,0,0,0,0,0,1
1243085,20/6/2019,3:54:10 PM,0,0,2,0,0,0,0,0,0,0,2
2879667,20/6/2019,4:08:25 PM,0,0,0,1,0,0,0,0,0,0,1
2321745,20/6/2019,4:20:25 PM,0,0,0,0,0,0,0,0,0,1,1
2840365,20/6/2019,4:33:23 PM,0,0,0,1,1,0,0,0,0,0,2
238602,20/6/2019,4:44:32 PM,0,0,0,1,0,0,0,0,0,1,2
376848,20/6/2019,4:58:54 PM,0,0,0,0,1,0,0,0,0,0,1
2829265,20/6/2019,5:11:32 PM,0,0,0,0,0,1,0,0,0,0,1
1937691,20/6/2019,5:28:30 PM,0,0,0,1,0,0,0,0,0,0,1
557919,20/6/2019,5:42:18 PM,1,0,0,0,0,0,0,0,0,0,1
3305264,20/6/2019,5:50:33 PM,0,0,1,0,0,0,0,0,0,0,1
2426835,20/6/2019,6:03:11 PM,0,0,0,1,1,0,0,0,0,0,2
2834923,20/6/2019,6:15:36 PM,1,0,0,1,0,0,0,0,0,1,3
1525718,20/6/2019,6:31:52 PM,0,0,1,1,0,0,0,0,0,0,2
1280199,20/6/2019,6:45:26 PM,0,0,0,1,0,0,0,0,0,0,1
2558978,20/6/2019,7:02:29 PM,0,0,0,0,1,0,0,0,0,0,1
2917535,20/6/2019,7:21:56 PM,0,0,0,0,0,0,0,0,1,0,1
2579329,20/6/2019,7:41:51 PM,0,0,0,1,0,0,0,0,0,0,1
865712,20/6/2019,8:02:09 PM,0,0,0,2,0,0,0,0,1,0,3
1472021,20/6/2019,8:35:35 PM,1,0,0,0,0,0,0,0,1,0,2
305175,20/6/2019,9:17:07 PM,0,0,0,1,0,0,0,0,0,0,1
3361645,20/6/2019,9:56:05 PM,0,0,0,0,0,0,0,0,0,1,1
1756947,20/6/2019,10:54:23 PM,1,0,0,0,0,0,0,0,0,0,1
157238,21/6/2019,2:06:16 AM,0,0,0,1,1,0,0,0,0,0,2
394773,21/6/2019,6:34:51 AM,0,0,0,0,0,0,0,0,0,1,1
439986,21/6/2019,7:26:26 AM,0,0,0,1,0,0,0,0,0,0,1
935551,21/6/2019,8:03:53 AM,0,0,0,1,1,0,0,0,0,0,2
2277891,21/6/2019,8:22:39 AM,0,0,0,0,1,0,0,0,0,0,1
1748251,21/6/2019,8:41:47 AM,0,0,2,0,0,0,0,0,0,0,2
2349073,21/6/2019,9:03:20 AM,0,0,0,0,0,0,0,1,0,0,1
2643866,21/6/2019,9:14:37 AM,0,0,1,0,0,0,0,0,1,0,2
1391623,21/6/2019,9:29:22 AM,1,0,0,0,0,0,0,0,0,0,1
2704254,21/6/2019,9:46:03 AM,0,0,1,0,0,0,0,0,0,0,1
2879593,21/6/2019,9:59:58 AM,0,0,0,0,0,0,0,0,0,1,1
2847071,21/6/2019,10:15:08 AM,0,0,0,1,0,0,0,0,0,0,1
195704,21/6/2019,10:25:36 AM,0,0,0,1,1,0,0,0,0,0,2
1920795,21/6/2019,10:38:15 AM,0,0,0,0,1,0,0,0,0,0,1
2054001,21/6/2019,10:53:04 AM,0,0,0,1,0,0,0,0,0,0,1
28066,21/6/2019,11:05:28 AM,0,0,0,1,0,0,0,0,0,0,1
2304846,21/6/2019,11:18:36 AM,0,0,0,0,0,0,0,0,0,1,1
1594617,21/6/2019,11:29:40 AM,0,0,1,1,1,0,0,0,0,1,4
1267886,21/6/2019,11:39:55 AM,0,0,0,1,0,1,0,0,0,0,2
1127154,21/6/2019,11:57:31 AM,0,0,1,0,0,0,0,0,0,0,1
593188,21/6/2019,12:11:39 PM,0,0,0,0,0,0,0,0,0,1,1
1691325,21/6/2019,12:23:13 PM,0,0,0,0,0,0,0,0,0,1,1
319587,21/6/2019,12:33:13 PM,1,0,0,1,0,0,0,0,0,0,2
664724,21/6/2019,12:45:37 PM,0,0,0,1,0,0,0,0,0,0,1
2394426,21/6/2019,12:56:57 PM,0,0,0,1,1,0,0,0,0,1,3
563575,21/6/2019,1:07:48 PM,0,0,0,2,0,0,0,0,0,0,2
280459,21/6/2019,1:16:19 PM,0,0,0,1,0,0,0,0,0,0,1
1800133,21/6/2019,1:29:40 PM,0,0,1,0,0,0,0,0,0,0,1
1093314,21/6/2019,1:42:25 PM,0,0,2,0,0,0,0,0,0,0,2
1064762,21/6/2019,1:51:34 PM,0,0,0,1,0,0,0,0,0,1,2
573585,21/6/2019,2:00:53 PM,0,0,0,3,0,0,0,0,0,0,3
1446428,21/6/2019,2:11:42 PM,0,0,0,1,0,0,0,0,0,0,1
974557,21/6/2019,2:20:45 PM,0,0,0,0,0,0,0,0,0,1,1
299700,21/6/2019,2:29:59 PM,0,0,0,0,0,0,0,1,0,0,1
1819427,21/6/2019,2:41:30 PM,0,0,0,1,0,0,0,0,0,1,2
1904520,21/6/2019,2:48:51 PM,0,0,0,1,0,0,0,0,0,1,2
1448727,21/6/2019,2:57:49 PM,0,0,0,0,0,0,0,0,0,1,1
248737,21/6/2019,3:12:20 PM,1,0,0,0,0,0,0,0,0,0,1
306831,21/6/2019,3:24:36 PM,0,0,1,1,0,0,0,0,0,0,2
3412060,21/6/2019,3:34:38 PM,0,0,0,0,1,0,0,0,0,0,1
2873689,21/6/2019,3:45:22 PM,0,0,0,0,1,0,0,0,1,0,2
479407,21/6/2019,3:54:29 PM,0,0,0,1,0,0,0,0,0,0,1
1769894,21/6/2019,4:09:31 PM,0,0,0,0,1,0,0,0,0,0,1
3142597,21/6/2019,4:20:30 PM,1,0,0,0,0,0,0,0,0,0,1
480878,21/6/2019,4:33:48 PM,0,0,1,0,0,0,0,0,0,0,1
3393776,21/6/2019,4:45:00 PM,0,0,0,0,0,0,0,0,1,0,1
34504,21/6/2019,4:58:56 PM,0,0,0,0,1,0,0,1,0,0,2
1252899,21/6/2019,5:13:31 PM,0,0,1,0,0,0,0,0,0,0,1
1973197,21/6/2019,5:30:57 PM,0,0,0,1,0,0,0,0,0,0,1
2302720,21/6/2019,5:43:08 PM,0,0,0,0,0,0,0,1,0,0,1
2133966,21/6/2019,5:50:37 PM,1,0,0,0,0,0,0,0,0,0,1
2665092,21/6/2019,6:03:12 PM,0,0,0,1,0,0,0,0,0,0,1
1149488,21/6/2019,6:16:00 PM,0,0,0,1,0,0,0,0,0,0,1
921540,21/6/2019,6:31:59 PM,1,0,0,0,0,0,0,0,0,0,1
1708223,21/6/2019,6:45:35 PM,0,0,0,0,0,0,0,0,0,1,1
1892342,21/6/2019,7:02:57 PM,0,0,0,1,0,0,0,0,0,0,1
781125,21/6/2019,7:21:58 PM,0,0,0,1,0,0,0,0,0,1,2
383781,21/6/2019,7:42:35 PM,0,0,0,0,1,0,0,0,0,2,3
3251307,21/6/2019,8:03:16 PM,0,0,0,0,1,0,0,0,0,0,1
152762,21/6/2019,8:35:41 PM,0,0,0,0,0,0,0,0,0,1,1
81431,21/6/2019,9:18:42 PM,0,0,0,0,0,0,0,0,1,0,1
80630,21/6/2019,9:56:52 PM,0,0,0,0,0,0,0,0,0,1,1
3062683,21/6/2019,10:56:57 PM,0,0,0,1,0,0,0,0,0,0,1
1915179,22/6/2019,2:06:26 AM,0,0,0,0,0,0,0,0,0,1,1
238839,22/6/2019,6:35:04 AM,0,0,0,1,1,0,0,0,0,0,2
2580997,22/6/2019,7:26:50 AM,0,0,0,1,1,0,0,0,0,0,2
3404907,22/6/2019,8:04:08 AM,0,0,0,1,0,0,0,0,0,0,1
1654344,22/6/2019,8:24:15 AM,0,0,0,1,0,0,0,0,0,0,1
834746,22/6/2019,8:41:53 AM,0,0,0,1,0,0,0,0,0,0,1
1477405,22/6/2019,9:03:24 AM,0,0,0,0,1,0,0,0,0,1,2
1828578,22/6/2019,9:15:28 AM,0,0,0,0,1,0,0,0,0,0,1
1472426,22/6/2019,9:29:58 AM,0,0,0,1,0,0,0,0,0,0,1
1046125,22/6/2019,9:46:05 AM,1,0,1,0,0,0,1,0,0,1,4
2237160,22/6/2019,10:00:01 AM,0,0,0,0,0,0,0,0,1,0,1
2110798,22/6/2019,10:15:27 AM,1,0,0,1,0,0,0,0,0,0,2
2551002,22/6/2019,10:26:00 AM,0,0,0,3,2,1,0,0,0,5,11
2679063,22/6/2019,10:38:56 AM,0,0,0,1,0,0,0,0,0,0,1
3026576,22/6/2019,10:53:09 AM,0,0,0,1,0,0,0,0,0,0,1
3045102,22/6/2019,11:05:31 AM,0,0,0,0,0,0,1,0,0,0,1
3021311,22/6/2019,11:18:57 AM,1,0,0,0,0,0,0,0,0,0,1
1359599,22/6/2019,11:29:58 AM,0,0,0,0,1,0,0,0,0,1,2
3318780,22/6/2019,11:40:12 AM,0,0,0,0,0,0,0,0,1,0,1
1820315,22/6/2019,11:58:04 AM,0,0,0,1,0,0,0,0,0,0,1
2454354,22/6/2019,12:12:27 PM,0,0,0,0,1,0,0,0,0,0,1
1800136,22/6/2019,12:23:58 PM,0,0,0,2,0,0,0,0,0,0,2
2683845,22/6/2019,12:33:13 PM,0,0,3,0,0,0,0,0,0,0,3
1830278,22/6/2019,12:46:03 PM,0,0,1,1,0,0,0,0,0,0,2
588588,22/6/2019,12:57:13 PM,0,0,0,0,0,0,0,0,0,1,1
1032588,22/6/2019,1:08:11 PM,0,0,1,0,0,1,0,0,0,0,2
474847,22/6/2019,1:16:42 PM,0,0,0,0,1,0,0,0,0,0,1
44275,22/6/2019,1:29:41 PM,0,0,0,1,0,0,0,0,0,0,1
1373414,22/6/2019,1:42:34 PM,0,0,0,1,0,0,0,0,0,0,1
2262542,22/6/2019,1:51:44 PM,0,0,0,0,1,0,0,0,1,0,2
1136468,22/6/2019,2:00:54 PM,0,0,0,0,1,0,0,0,0,0,1
938620,22/6/2019,2:11:57 PM,0,0,0,1,0,0,0,0,0,0,1
1205050,22/6/2019,2:20:49 PM,0,0,0,1,0,0,0,0,0,0,1
2457866,22/6/2019,2:30:23 PM,0,0,0,0,1,0,0,0,0,0,1
721384,22/6/2019,2:41:36 PM,0,0,0,0,0,0,0,0,0,1,1
314254,22/6/2019,2:49:13 PM,0,0,0,1,0,0,0,0,0,0,1
565068,22/6/2019,2:58:12 PM,0,0,0,0,0,0,0,0,1,0,1
3108553,22/6/2019,3:12:35 PM,0,0,0,1,0,0,0,0,0,0,1
3153527,22/6/2019,3:24:42 PM,0,0,0,1,0,0,0,0,0,0,1
1908823,22/6/2019,3:35:47 PM,0,0,0,0,1,0,0,0,0,0,1
3071210,22/6/2019,3:45:23 PM,0,0,0,0,0,0,0,0,1,0,1
1475178,22/6/2019,3:54:32 PM,0,0,0,0,0,0,0,0,0,1,1
442842,22/6/2019,4:09:36 PM,0,0,2,0,0,0,0,0,0,0,2
2509171,22/6/2019,4:21:05 PM,0,0,0,1,0,0,0,0,0,1,2
608204,22/6/2019,4:33:49 PM,0,0,1,0,0,0,0,0,0,0,1
3338648,22/6/2019,4:45:31 PM,0,0,0,1,0,0,0,0,1,0,2
118335,22/6/2019,4:59:02 PM,0,0,0,0,0,0,0,0,1,0,1
3289851,22/6/2019,5:14:49 PM,0,0,2,0,0,0,0,0,0,1,3
2977085,22/6/2019,5:31:12 PM,0,0,1,0,0,0,0,0,0,0,1
1254601,22/6/2019,5:43:48 PM,0,0,0,1,0,0,0,0,0,0,1
1361770,22/6/2019,5:51:02 PM,0,0,0,1,0,0,0,0,0,0,1
3054573,22/6/2019,6:03:34 PM,0,0,0,1,0,0,0,0,0,0,1
405184,22/6/2019,6:17:30 PM,0,0,0,2,0,0,0,0,0,0,2
1184082,22/6/2019,6:32:05 PM,0,0,0,1,0,0,0,0,0,0,1
379416,22/6/2019,6:46:10 PM,0,0,0,1,0,0,0,0,0,0,1
2779402,22/6/2019,7:04:05 PM,0,0,1,0,0,0,0,0,0,1,2
1774009,22/6/2019,7:22:38 PM,0,0,0,2,0,0,0,0,0,0,2
1368464,22/6/2019,7:42:59 PM,0,0,2,0,0,0,0,0,0,0,2
3288833,22/6/2019,8:03:28 PM,0,0,0,0,1,0,0,0,0,1,2
1796594,22/6/2019,8:36:31 PM,0,0,1,1,0,0,0,0,1,0,3
708480,22/6/2019,9:18:55 PM,0,0,0,0,1,0,0,0,0,0,1
1932590,22/6/2019,9:57:05 PM,0,0,0,0,1,0,0,0,0,0,1
1901922,22/6/2019,10:57:07 PM,0,0,0,1,0,0,0,0,0,0,1
2704736,23/6/2019,2:10:17 AM,0,0,1,0,0,0,0,0,0,0,1
152738,23/6/2019,6:37:51 AM,0,0,1,0,0,0,0,0,0,0,1
3035980,23/6/2019,7:33:03 AM,0,0,0,0,1,0,0,0,0,0,1
2594724,23/6/2019,8:04:14 AM,1,0,0,0,0,0,0,0,0,0,1
2542660,23/6/2019,8:24:35 AM,1,0,0,1,1,0,0,0,0,0,3
2938322,23/6/2019,8:42:21 AM,0,0,1,0,0,0,0,0,0,1,2
1524093,23/6/2019,9:04:24 AM,0,0,1,0,1,0,0,0,0,0,2
3200602,23/6/2019,9:16:02 AM,0,0,0,1,0,0,0,0,0,0,1
799277,23/6/2019,9:30:23 AM,1,0,0,0,0,0,0,0,0,0,1
2162512,23/6/2019,9:46:06 AM,0,0,0,0,0,0,0,0,2,0,2
2430999,23/6/2019,10:00:16 AM,0,0,0,0,1,0,0,0,1,0,2
288186,23/6/2019,10:15:45 AM,0,0,1,0,0,0,0,0,0,0,1
145667,23/6/2019,10:26:10 AM,0,0,0,0,0,4,0,0,0,0,4
3177697,23/6/2019,10:39:44 AM,0,0,0,1,0,0,0,0,0,0,1
2940785,23/6/2019,10:53:10 AM,0,0,0,1,0,0,0,0,0,1,2
730295,23/6/2019,11:05:39 AM,0,0,1,0,0,0,0,0,0,0,1
1604175,23/6/2019,11:19:09 AM,1,0,0,1,0,0,0,0,0,0,2
897460,23/6/2019,11:30:15 AM,0,0,0,0,0,1,0,0,0,0,1
10667,23/6/2019,11:43:42 AM,1,0,0,0,0,0,0,0,0,0,1
583059,23/6/2019,11:59:01 AM,1,0,0,0,0,0,0,0,0,0,1
3010743,23/6/2019,12:13:11 PM,0,0,2,0,0,0,0,0,0,0,2
2708707,23/6/2019,12:24:08 PM,0,0,0,1,0,0,0,0,0,0,1
1339556,23/6/2019,12:33:28 PM,0,0,0,1,0,0,0,0,0,0,1
508989,23/6/2019,12:46:19 PM,0,0,0,0,0,0,0,0,3,0,3
497302,23/6/2019,12:57:16 PM,0,0,0,1,0,0,0,0,0,0,1
2927442,23/6/2019,1:08:13 PM,0,0,0,0,1,0,0,0,0,0,1
3005325,23/6/2019,1:16:53 PM,0,0,0,1,0,0,0,0,0,0,1
466869,23/6/2019,1:29:41 PM,0,0,0,0,0,0,0,0,0,1,1
813036,23/6/2019,1:43:01 PM,0,0,0,0,1,0,0,0,0,0,1
517568,23/6/2019,1:52:02 PM,3,0,0,0,0,0,0,0,0,0,3
2986604,23/6/2019,2:00:56 PM,0,0,0,0,0,0,0,0,0,1,1
1870891,23/6/2019,2:12:15 PM,0,0,1,1,0,0,0,0,0,0,2
2437485,23/6/2019,2:21:02 PM,0,0,4,0,0,0,0,0,0,1,5
540823,23/6/2019,2:31:35 PM,0,0,1,0,0,0,0,0,0,0,1
452070,23/6/2019,2:41:52 PM,0,0,0,2,0,0,0,0,0,0,2
1492578,23/6/2019,2:49:21 PM,0,0,0,0,1,0,0,0,0,0,1
432633,23/6/2019,3:00:33 PM,1,0,0,0,0,0,0,0,0,0,1
3137515,23/6/2019,3:12:56 PM,0,0,0,2,0,0,0,0,0,0,2
158217,23/6/2019,3:25:14 PM,0,0,0,1,0,0,0,0,0,0,1
602342,23/6/2019,3:36:24 PM,0,0,2,0,0,0,0,0,0,0,2
1514182,23/6/2019,3:46:21 PM,0,0,1,1,0,0,0,0,0,0,2
571695,23/6/2019,3:54:49 PM,0,0,0,0,0,0,0,0,0,1,1
2168543,23/6/2019,4:09:44 PM,0,0,1,2,1,0,0,0,0,0,4
1723789,23/6/2019,4:21:19 PM,0,0,0,1,0,0,0,0,0,0,1
1503941,23/6/2019,4:34:10 PM,0,0,0,0,1,0,0,0,0,0,1
2152906,23/6/2019,4:46:00 PM,1,0,0,0,0,0,0,0,0,0,1
2308095,23/6/2019,4:59:23 PM,0,0,1,0,0,0,0,0,0,0,1
2948546,23/6/2019,5:15:07 PM,0,0,0,0,0,1,0,0,0,0,1
113132,23/6/2019,5:31:34 PM,1,0,0,0,0,0,0,0,0,0,1
1274561,23/6/2019,5:43:59 PM,0,1,0,0,0,0,0,0,0,0,1
1928547,23/6/2019,5:52:08 PM,0,0,1,0,0,0,0,0,0,0,1
2764769,23/6/2019,6:03:45 PM,0,0,0,0,1,0,0,1,0,0,2
3182743,23/6/2019,6:17:50 PM,2,0,2,0,0,0,0,0,0,0,4
2810868,23/6/2019,6:32:34 PM,0,0,0,1,0,0,0,0,0,0,1
2817294,23/6/2019,6:46:22 PM,0,0,1,0,0,0,0,0,0,0,1
3155298,23/6/2019,7:04:20 PM,0,0,0,1,0,0,0,0,0,1,2
2657715,23/6/2019,7:22:51 PM,0,0,0,1,0,0,0,0,0,0,1
2226250,23/6/2019,7:43:53 PM,0,0,1,0,0,0,0,0,0,0,1
66951,23/6/2019,8:04:28 PM,0,0,1,0,0,0,0,0,0,0,1
1289588,23/6/2019,8:39:02 PM,0,0,0,1,0,0,0,0,0,0,1
2734825,23/6/2019,9:19:47 PM,0,0,0,0,0,0,1,0,0,0,1
1482389,23/6/2019,10:02:28 PM,0,0,1,0,0,0,0,0,0,0,1
373284,23/6/2019,10:57:23 PM,1,0,0,1,0,0,0,0,1,0,3
2070232,24/6/2019,2:13:03 AM,0,0,0,0,1,0,0,0,0,0,1
1147846,24/6/2019,6:38:59 AM,0,0,0,0,0,0,0,0,0,1,1
1017548,24/6/2019,7:33:09 AM,0,0,0,1,0,0,0,0,0,0,1
1486426,24/6/2019,8:04:54 AM,1,0,0,3,4,0,0,0,0,0,8
2901945,24/6/2019,8:25:17 AM,0,0,0,1,0,0,0,0,0,0,1
131508,24/6/2019,8:43:08 AM,0,0,0,0,1,0,0,0,1,0,2
1309990,24/6/2019,9:04:28 AM,0,0,0,0,0,1,0,0,0,0,1
718344,24/6/2019,9:16:25 AM,0,0,0,0,1,0,0,0,1,2,4
3414052,24/6/2019,9:30:27 AM,0,0,0,1,1,0,0,0,0,0,2
770892,24/6/2019,9:46:12 AM,0,0,1,0,1,0,0,0,0,0,2
3219523,24/6/2019,10:00:51 AM,0,0,1,1,0,0,0,0,0,0,2
3135994,24/6/2019,10:16:01 AM,0,0,0,1,0,0,0,0,0,0,1
116342,24/6/2019,10:26:47 AM,0,0,0,1,0,0,0,0,0,0,1
2996305,24/6/2019,10:39:57 AM,0,0,1,0,0,0,0,0,0,1,2
2135505,24/6/2019,10:54:23 AM,1,0,0,0,0,0,0,0,0,0,1
627473,24/6/2019,11:06:16 AM,0,0,1,0,0,0,0,0,0,0,1
1834050,24/6/2019,11:19:32 AM,0,0,0,0,1,0,0,0,0,0,1
1702165,24/6/2019,11:30:16 AM,0,0,1,0,0,0,0,0,0,0,1
3280869,24/6/2019,11:43:47 AM,0,0,0,0,1,0,0,0,0,0,1
417613,24/6/2019,11:59:31 AM,0,0,0,0,0,1,0,0,0,0,1
731345,24/6/2019,12:13:16 PM,0,0,0,0,0,0,0,0,1,0,1
952497,24/6/2019,12:24:14 PM,0,0,0,0,0,0,0,0,0,1,1
3281150,24/6/2019,12:33:45 PM,0,0,0,2,0,0,0,0,0,0,2
251999,24/6/2019,12:46:22 PM,0,0,0,1,0,0,0,0,0,0,1
1980053,24/6/2019,12:58:19 PM,0,0,1,1,0,0,0,0,0,0,2
825424,24/6/2019,1:08:19 PM,0,0,0,2,2,0,0,0,0,0,4
990534,24/6/2019,1:19:24 PM,0,0,0,1,0,0,0,0,0,0,1
1108968,24/6/2019,1:29:55 PM,1,0,0,0,0,0,0,0,0,0,1
1605754,24/6/2019,1:43:05 PM,0,0,0,1,0,0,0,0,0,0,1
3000090,24/6/2019,1:52:24 PM,0,0,0,1,0,0,0,0,0,0,1
1288824,24/6/2019,2:01:30 PM,0,0,0,1,0,0,0,0,0,0,1
3336913,24/6/2019,2:12:35 PM,0,0,0,0,1,0,0,0,0,0,1
396352,24/6/2019,2:21:09 PM,0,0,0,1,0,0,0,0,0,0,1
2918800,24/6/2019,2:31:57 PM,0,0,0,0,1,0,0,0,1,0,2
257849,24/6/2019,2:42:08 PM,0,0,0,0,1,0,0,0,0,0,1
2163241,24/6/2019,2:49:50 PM,0,0,0,0,1,0,0,0,1,0,2
3200935,24/6/2019,3:00:38 PM,0,0,0,2,0,0,0,0,0,0,2
356612,24/6/2019,3:13:13 PM,0,0,1,0,0,0,0,0,0,0,1
2810230,24/6/2019,3:25:24 PM,0,0,0,0,1,0,0,0,0,1,2
2481846,24/6/2019,3:36:25 PM,0,0,0,1,1,0,0,0,0,0,2
1700997,24/6/2019,3:46:21 PM,0,0,0,1,2,0,0,0,1,0,4
862868,24/6/2019,3:55:24 PM,0,0,0,0,2,1,0,0,0,0,3
1685847,24/6/2019,4:10:25 PM,0,0,0,1,0,0,0,0,0,1,2
14287,24/6/2019,4:21:48 PM,0,0,0,0,1,0,0,0,0,0,1
3371817,24/6/2019,4:34:19 PM,0,0,0,1,0,0,0,0,0,0,1
1001243,24/6/2019,4:46:36 PM,0,0,0,0,1,0,0,0,0,0,1
936199,24/6/2019,4:59:51 PM,3,0,0,1,0,0,0,0,1,0,5
36759,24/6/2019,5:16:08 PM,0,0,0,1,0,0,0,0,0,0,1
56703,24/6/2019,5:31:37 PM,0,0,0,0,0,0,0,0,1,0,1
1937235,24/6/2019,5:44:03 PM,0,0,0,0,1,0,0,0,0,0,1
41110,24/6/2019,5:52:42 PM,0,0,2,0,0,0,0,0,0,1,3
34477,24/6/2019,6:04:13 PM,1,0,0,0,0,0,0,0,0,1,2
2441657,24/6/2019,6:18:01 PM,0,0,0,0,0,1,0,0,0,0,1
416161,24/6/2019,6:32:39 PM,0,0,0,0,0,0,0,0,1,0,1
719496,24/6/2019,6:46:57 PM,0,0,0,0,1,0,0,0,0,0,1
2551470,24/6/2019,7:05:52 PM,0,1,0,0,0,0,0,0,0,0,1
615484,24/6/2019,7:23:21 PM,0,0,0,0,0,2,0,0,0,0,2
1914508,24/6/2019,7:43:53 PM,0,0,0,1,0,0,0,0,0,0,1
2725686,24/6/2019,8:05:50 PM,0,0,1,0,0,0,0,0,0,0,1
1750300,24/6/2019,8:45:19 PM,0,0,0,1,0,0,0,0,0,0,1
109103,24/6/2019,9:20:22 PM,0,0,0,1,0,0,0,0,0,0,1
347767,24/6/2019,10:03:12 PM,1,0,0,0,1,0,0,0,0,0,2
2447221,24/6/2019,11:04:20 PM,0,0,0,0,2,0,0,0,0,0,2
2203274,25/6/2019,2:28:36 AM,0,0,0,1,0,0,0,0,0,0,1
535104,25/6/2019,6:46:54 AM,0,0,1,0,0,0,0,0,0,0,1
3113442,25/6/2019,7:34:27 AM,0,0,0,1,0,0,0,0,0,0,1
3242636,25/6/2019,8:05:07 AM,0,0,0,1,0,0,0,0,0,0,1
1969100,25/6/2019,8:26:16 AM,0,0,1,0,1,0,0,0,0,0,2
1058847,25/6/2019,8:43:52 AM,0,0,0,1,1,0,0,0,0,0,2
1500373,25/6/2019,9:04:55 AM,0,0,0,0,1,0,0,0,0,0,1
2080240,25/6/2019,9:16:40 AM,0,0,0,0,1,0,0,0,0,0,1
1561328,25/6/2019,9:30:36 AM,0,1,0,0,1,0,0,0,0,0,2
2993293,25/6/2019,9:46:15 AM,1,0,0,0,0,0,0,0,0,0,1
3195449,25/6/2019,10:02:48 AM,0,0,0,1,1,0,0,0,0,0,2
1516849,25/6/2019,10:16:36 AM,0,0,0,0,0,1,0,0,0,0,1
758962,25/6/2019,10:27:31 AM,1,0,0,1,0,0,0,0,0,0,2
214073,25/6/2019,10:40:02 AM,0,0,0,1,0,0,0,0,1,0,2
2782049,25/6/2019,10:55:12 AM,0,0,0,2,1,0,0,0,0,0,3
1649120,25/6/2019,11:06:22 AM,0,0,0,3,1,0,0,0,0,0,4
1820848,25/6/2019,11:20:03 AM,0,0,1,0,2,0,0,0,0,1,4
3130871,25/6/2019,11:30:21 AM,0,0,0,2,0,0,0,0,0,0,2
1274337,25/6/2019,11:44:33 AM,0,1,0,0,0,0,0,0,0,0,1
2995436,25/6/2019,11:59:45 AM,0,0,0,1,0,0,0,0,0,0,1
2001237,25/6/2019,12:13:25 PM,0,0,0,0,0,1,0,0,0,0,1
2288792,25/6/2019,12:24:21 PM,0,0,3,1,0,0,0,0,0,1,5
780193,25/6/2019,12:33:49 PM,0,0,0,1,0,0,0,0,0,0,1
1224367,25/6/2019,12:46:36 PM,0,0,0,0,0,0,0,0,0,1,1
1244668,25/6/2019,12:58:39 PM,0,0,1,0,0,0,0,1,0,0,2
627652,25/6/2019,1:08:48 PM,0,0,1,1,1,0,0,0,0,0,3
2107662,25/6/2019,1:20:35 PM,0,0,0,0,0,0,0,0,0,1,1
3150937,25/6/2019,1:30:21 PM,0,0,0,1,0,0,0,0,0,0,1
1332449,25/6/2019,1:43:24 PM,0,0,0,1,0,0,0,0,0,0,1
1520253,25/6/2019,1:52:46 PM,0,0,0,1,0,0,0,0,0,0,1
401887,25/6/2019,2:01:31 PM,0,0,0,0,0,0,0,0,1,0,1
2083054,25/6/2019,2:13:32 PM,0,0,1,1,0,0,0,0,0,0,2
1786264,25/6/2019,2:21:19 PM,0,0,1,1,0,0,0,0,0,0,2
2337940,25/6/2019,2:32:08 PM,0,0,0,0,1,0,0,0,0,1,2
543688,25/6/2019,2:42:10 PM,0,0,0,1,0,0,0,0,0,0,1
3232645,25/6/2019,2:50:19 PM,3,0,0,0,0,0,0,0,0,0,3
2120625,25/6/2019,3:01:47 PM,0,0,0,0,2,0,0,0,0,0,2
824598,25/6/2019,3:13:48 PM,0,0,1,0,1,0,0,0,0,0,2
1665167,25/6/2019,3:25:57 PM,0,0,0,1,0,0,0,0,0,0,1
1115197,25/6/2019,3:37:06 PM,0,0,0,1,0,0,0,0,0,0,1
2873601,25/6/2019,3:46:59 PM,0,0,0,0,0,0,0,0,0,1,1
1369791,25/6/2019,3:55:57 PM,0,0,0,0,0,0,0,0,0,1,1
1317983,25/6/2019,4:10:49 PM,0,0,0,0,0,0,0,0,1,1,2
3270304,25/6/2019,4:22:36 PM,0,0,0,1,0,0,0,0,0,0,1
3169269,25/6/2019,4:34:36 PM,0,0,0,0,0,0,0,0,0,1,1
231094,25/6/2019,4:46:38 PM,0,0,0,1,0,0,0,0,0,1,2
2868227,25/6/2019,5:00:16 PM,0,0,0,1,0,0,0,0,0,0,1
484525,25/6/2019,5:16:40 PM,0,0,1,2,1,0,0,0,0,0,4
3235066,25/6/2019,5:31:54 PM,0,0,0,1,0,0,0,0,0,0,1
2907768,25/6/2019,5:44:08 PM,0,0,0,1,0,0,0,0,0,0,1
246834,25/6/2019,5:53:11 PM,0,0,0,0,0,0,0,0,0,1,1
721298,25/6/2019,6:04:21 PM,0,0,0,1,0,0,0,0,0,0,1
1449918,25/6/2019,6:19:14 PM,0,0,0,0,0,0,0,0,0,1,1
1376427,25/6/2019,6:32:47 PM,0,0,0,0,0,1,0,0,1,0,2
2418097,25/6/2019,6:47:24 PM,0,0,0,1,0,0,0,0,0,0,1
3185282,25/6/2019,7:07:08 PM,0,0,0,1,0,0,0,0,0,0,1
1036642,25/6/2019,7:24:40 PM,0,0,1,0,0,0,0,0,0,0,1
153440,25/6/2019,7:44:06 PM,0,0,0,2,0,0,1,1,0,2,6
2283824,25/6/2019,8:06:30 PM,0,0,0,0,0,0,0,0,0,1,1
1727003,25/6/2019,8:45:42 PM,0,0,0,0,0,0,0,1,0,0,1
677135,25/6/2019,9:20:30 PM,0,0,0,1,0,0,0,0,0,0,1
1061512,25/6/2019,10:03:24 PM,0,0,0,1,0,0,0,0,0,0,1
1412551,25/6/2019,11:05:52 PM,0,0,1,1,0,0,0,0,0,0,2
2692559,26/6/2019,2:39:52 AM,0,0,0,0,1,0,0,0,0,0,1
630561,26/6/2019,6:48:40 AM,0,0,0,1,0,0,0,0,0,0,1
566436,26/6/2019,7:34:27 AM,0,0,0,1,1,0,0,0,0,0,2
1538360,26/6/2019,8:05:31 AM,1,0,0,0,0,0,0,0,0,0,1
2769255,26/6/2019,8:26:44 AM,1,0,1,0,0,0,0,0,0,0,2
2181639,26/6/2019,8:43:53 AM,0,0,0,0,0,1,0,0,0,0,1
209068,26/6/2019,9:05:49 AM,0,0,0,0,0,0,1,0,0,1,2
1137562,26/6/2019,9:16:52 AM,0,0,0,0,1,0,0,0,0,0,1
863202,26/6/2019,9:30:47 AM,0,0,1,0,0,0,0,0,0,0,1
1105875,26/6/2019,9:46:27 AM,0,0,0,0,1,0,0,0,0,0,1
2082798,26/6/2019,10:03:08 AM,0,0,0,0,0,0,1,0,0,0,1
862127,26/6/2019,10:17:02 AM,0,0,0,0,0,0,0,0,2,0,2
1399773,26/6/2019,10:27:35 AM,0,0,0,1,0,0,0,0,0,0,1
3051212,26/6/2019,10:40:14 AM,0,0,0,1,1,0,0,0,0,0,2
485583,26/6/2019,10:55:29 AM,0,0,0,0,0,0,0,0,0,1,1
2944584,26/6/2019,11:06:46 AM,0,0,0,0,0,0,1,0,0,0,1
904533,26/6/2019,11:20:09 AM,0,0,0,0,0,0,0,0,1,0,1
679362,26/6/2019,11:30:22 AM,0,0,0,0,0,1,0,0,0,0,1
1642677,26/6/2019,11:44:49 AM,0,0,1,0,0,0,0,0,0,0,1
1212775,26/6/2019,11:59:45 AM,0,0,2,0,0,1,0,0,0,0,3
1313934,26/6/2019,12:14:33 PM,0,0,0,1,0,0,0,0,0,0,1
3226204,26/6/2019,12:25:12 PM,0,0,0,0,0,0,1,0,0,0,1
3312172,26/6/2019,12:34:04 PM,0,0,1,0,0,0,0,0,0,0,1
213090,26/6/2019,12:46:43 PM,0,0,0,0,0,0,0,0,0,2,2
1259011,26/6/2019,12:59:02 PM,2,0,0,0,0,0,0,0,0,0,2
1994934,26/6/2019,1:09:14 PM,0,0,0,0,1,0,0,0,0,0,1
2988778,26/6/2019,1:21:23 PM,1,0,0,0,0,0,0,0,0,0,1
877681,26/6/2019,1:30:24 PM,0,0,0,0,0,0,0,0,0,1,1
2058498,26/6/2019,1:43:47 PM,0,0,1,0,0,1,0,0,0,0,2
2980084,26/6/2019,1:52:55 PM,0,0,0,1,0,0,0,0,0,0,1
1792250,26/6/2019,2:01:44 PM,0,0,1,0,0,0,0,0,0,1,2
2103496,26/6/2019,2:13:56 PM,0,0,0,1,0,0,0,0,0,0,1
2681732,26/6/2019,2:21:20 PM,0,0,0,0,0,0,0,1,0,0,1
638603,26/6/2019,2:32:16 PM,0,0,0,0,0,0,0,0,0,1,1
636616,26/6/2019,2:42:23 PM,2,0,0,0,0,0,0,0,0,0,2
617035,26/6/2019,2:50:35 PM,0,0,0,2,1,0,0,0,0,0,3
1524999,26/6/2019,3:01:51 PM,0,0,1,0,0,0,0,0,0,0,1
2692267,26/6/2019,3:13:58 PM,0,0,0,1,0,0,0,0,0,0,1
483229,26/6/2019,3:26:39 PM,0,0,0,0,0,0,0,0,0,1,1
2377830,26/6/2019,3:37:42 PM,0,0,0,0,1,0,0,0,0,1,2
1409459,26/6/2019,3:47:10 PM,0,0,0,1,0,0,0,0,0,1,2
1848995,26/6/2019,3:55:58 PM,0,0,0,1,0,0,0,0,0,1,2
2245874,26/6/2019,4:11:32 PM,0,0,0,0,1,0,0,0,0,0,1
1056710,26/6/2019,4:22:41 PM,0,0,0,1,0,0,0,0,0,0,1
1424219,26/6/2019,4:34:38 PM,0,0,0,0,0,0,0,0,1,0,1
2797820,26/6/2019,4:46:45 PM,0,0,1,0,0,0,0,0,0,0,1
69942,26/6/2019,5:00:22 PM,0,0,0,1,0,0,0,0,0,0,1
281193,26/6/2019,5:16:48 PM,0,0,0,1,0,0,0,0,0,0,1
179974,26/6/2019,5:32:45 PM,0,0,0,1,0,0,0,0,0,0,1
1438232,26/6/2019,5:44:09 PM,1,0,0,0,0,0,0,0,0,0,1
2816368,26/6/2019,5:54:16 PM,0,0,0,1,0,0,0,0,0,0,1
943149,26/6/2019,6:04:21 PM,0,0,0,0,1,0,0,0,0,0,1
155501,26/6/2019,6:20:02 PM,0,0,0,0,0,1,0,0,0,0,1
3255453,26/6/2019,6:33:28 PM,0,0,0,0,0,0,0,0,0,1,1
1546802,26/6/2019,6:47:28 PM,0,0,0,1,1,0,0,0,0,0,2
2052477,26/6/2019,7:07:35 PM,1,0,0,1,2,0,0,0,0,0,4
30449,26/6/2019,7:24:40 PM,0,0,0,1,0,0,0,0,0,0,1
2609526,26/6/2019,7:44:12 PM,0,0,0,0,1,0,0,0,0,0,1
1626780,26/6/2019,8:07:20 PM,0,0,0,1,0,0,0,0,0,0,1
438673,26/6/2019,8:46:08 PM,0,0,0,1,0,0,0,0,0,0,1
2890096,26/6/2019,9:20:36 PM,0,0,1,0,1,0,0,1,0,0,3
1987396,26/6/2019,10:03:38 PM,0,0,0,1,0,0,0,0,0,0,1
2807300,26/6/2019,11:10:15 PM,0,0,0,0,1,0,0,0,0,0,1
3020131,27/6/2019,2:46:39 AM,0,0,2,1,0,0,0,0,0,0,3
2766533,27/6/2019,6:49:57 AM,0,0,0,0,0,0,0,0,1,0,1
3385258,27/6/2019,7:35:52 AM,0,0,0,1,0,0,0,0,1,0,2
2590609,27/6/2019,8:06:20 AM,0,0,0,0,1,0,0,0,0,0,1
3159424,27/6/2019,8:27:06 AM,0,0,0,0,1,0,0,0,0,0,1
1355256,27/6/2019,8:44:10 AM,0,0,2,0,0,0,0,0,0,0,2
243485,27/6/2019,9:06:12 AM,0,0,0,0,0,0,1,0,0,0,1
2526157,27/6/2019,9:17:33 AM,0,0,0,1,0,0,0,0,0,0,1
2385697,27/6/2019,9:33:21 AM,0,0,0,0,0,0,0,0,0,1,1
2071430,27/6/2019,9:48:08 AM,0,0,0,0,1,0,0,0,0,0,1
1472256,27/6/2019,10:03:14 AM,0,0,0,1,0,0,0,0,0,0,1
271858,27/6/2019,10:17:05 AM,0,0,0,1,0,0,0,0,0,0,1
1872331,27/6/2019,10:27:59 AM,0,0,0,0,0,0,0,0,0,1,1
298715,27/6/2019,10:40:33 AM,0,0,1,0,0,0,0,0,0,0,1
3291797,27/6/2019,10:55:37 AM,0,0,0,0,0,0,1,0,0,0,1
3105577,27/6/2019,11:06:59 AM,0,0,0,1,0,0,0,0,0,0,1
2768456,27/6/2019,11:20:13 AM,0,0,1,0,0,0,0,0,0,0,1
73057,27/6/2019,11:30:26 AM,0,0,0,1,0,0,0,0,0,0,1
1772868,27/6/2019,11:45:47 AM,0,0,0,0,1,0,0,0,0,0,1
2170119,27/6/2019,12:01:19 PM,0,0,1,1,0,0,0,0,0,0,2
3173871,27/6/2019,12:14:40 PM,0,0,1,0,0,1,0,0,0,0,2
1165044,27/6/2019,12:25:14 PM,0,0,0,0,1,0,0,0,0,0,1
529245,27/6/2019,12:34:28 PM,0,0,0,1,0,0,0,0,0,0,1
89811,27/6/2019,12:46:51 PM,0,0,1,0,0,0,0,0,0,0,1
2738343,27/6/2019,12:59:17 PM,1,0,1,0,0,0,0,0,0,0,2
2467619,27/6/2019,1:09:30 PM,0,0,0,0,1,0,0,0,0,0,1
1911065,27/6/2019,1:21:24 PM,0,0,0,2,0,0,0,0,0,1,3
277038,27/6/2019,1:30:42 PM,0,0,0,1,0,0,0,0,0,0,1
2370497,27/6/2019,1:43:51 PM,0,0,0,0,1,0,0,0,0,0,1
840743,27/6/2019,1:53:01 PM,0,0,2,1,0,0,0,0,0,0,3
3402645,27/6/2019,2:02:01 PM,0,2,0,0,0,0,0,0,0,0,2
1232244,27/6/2019,2:14:09 PM,1,0,0,0,0,0,0,0,0,0,1
1165654,27/6/2019,2:21:26 PM,0,0,0,2,0,0,0,0,0,0,2
1912240,27/6/2019,2:32:26 PM,0,0,0,0,1,0,0,0,0,0,1
1098350,27/6/2019,2:43:54 PM,0,0,0,1,0,0,0,0,0,0,1
832361,27/6/2019,2:50:46 PM,0,0,0,0,0,0,0,0,0,2,2
1728437,27/6/2019,3:02:33 PM,0,0,1,0,0,1,0,0,0,0,2
2626150,27/6/2019,3:14:43 PM,0,0,1,0,0,0,0,0,0,0,1
509663,27/6/2019,3:27:01 PM,0,0,0,0,1,0,0,0,0,1,2
3283825,27/6/2019,3:37:53 PM,0,1,0,0,1,0,0,0,0,0,2
1902701,27/6/2019,3:47:15 PM,0,0,0,0,0,0,0,0,1,1,2
85703,27/6/2019,3:56:11 PM,0,0,0,0,0,0,0,0,0,1,1
1119156,27/6/2019,4:11:52 PM,0,0,0,1,0,2,0,0,0,0,3
1690909,27/6/2019,4:22:53 PM,0,0,0,0,0,1,0,0,0,0,1
1703666,27/6/2019,4:34:52 PM,0,0,0,0,1,0,0,0,0,0,1
1389485,27/6/2019,4:47:03 PM,0,0,1,0,0,0,0,0,0,0,1
2546842,27/6/2019,5:00:23 PM,0,0,0,0,0,0,0,0,1,0,1
3089338,27/6/2019,5:17:01 PM,0,0,1,0,0,0,0,0,0,1,2
807901,27/6/2019,5:33:02 PM,0,0,0,0,1,0,0,0,0,0,1
264917,27/6/2019,5:44:11 PM,2,0,0,0,0,0,0,0,0,0,2
3346614,27/6/2019,5:54:28 PM,0,0,0,1,1,0,0,0,0,0,2
1895100,27/6/2019,6:04:36 PM,0,0,0,0,1,0,0,0,0,1,2
3336623,27/6/2019,6:20:20 PM,0,0,0,1,0,0,0,0,0,0,1
1821310,27/6/2019,6:34:25 PM,0,1,0,0,1,0,0,0,0,0,2
1820417,27/6/2019,6:47:42 PM,0,0,0,1,0,1,0,0,0,0,2
1162801,27/6/2019,7:08:04 PM,1,0,0,0,0,0,0,0,0,0,1
491960,27/6/2019,7:25:36 PM,0,0,0,0,0,0,1,0,0,0,1
797415,27/6/2019,7:44:33 PM,0,0,1,0,0,1,0,0,0,0,2
1892083,27/6/2019,8:11:16 PM,0,0,0,0,2,0,0,0,0,0,2
3080633,27/6/2019,8:46:40 PM,0,0,0,0,0,0,0,0,0,1,1
1391439,27/6/2019,9:21:16 PM,1,0,0,0,0,0,0,0,0,0,1
998926,27/6/2019,10:03:41 PM,0,0,1,0,0,0,0,0,0,0,1
2986294,27/6/2019,11:16:37 PM,0,0,0,0,1,0,0,0,0,0,1
2140291,28/6/2019,3:12:45 AM,0,0,0,0,1,0,0,0,0,0,1
1115208,28/6/2019,6:53:23 AM,0,0,0,0,0,0,0,0,0,1,1
1151977,28/6/2019,7:35:54 AM,0,0,0,1,0,0,0,0,0,0,1
3058273,28/6/2019,8:06:31 AM,0,0,0,2,2,0,0,0,0,0,4
2048665,28/6/2019,8:27:45 AM,0,0,0,1,0,0,0,0,0,0,1
448164,28/6/2019,8:44:31 AM,0,0,2,0,1,0,0,0,0,0,3
3080865,28/6/2019,9:06:39 AM,0,0,0,1,0,0,0,0,1,0,2
2991920,28/6/2019,9:17:43 AM,0,0,1,0,0,0,0,0,0,0,1
2460901,28/6/2019,9:33:24 AM,0,1,0,0,0,0,0,0,0,0,1
2438321,28/6/2019,9:48:17 AM,0,0,0,1,0,0,0,0,0,0,1
3268977,28/6/2019,10:03:15 AM,0,0,0,1,0,0,0,0,0,1,2
288335,28/6/2019,10:17:40 AM,0,0,0,1,0,0,0,0,0,0,1
2317576,28/6/2019,10:28:31 AM,0,0,0,1,0,0,0,0,1,0,2
14971,28/6/2019,10:40:35 AM,0,0,0,1,0,0,0,0,0,0,1
2194916,28/6/2019,10:56:35 AM,0,0,1,0,0,0,0,0,0,0,1
3364789,28/6/2019,11:06:59 AM,2,0,0,0,0,0,0,0,0,0,2
2926119,28/6/2019,11:20:27 AM,0,0,0,0,0,0,0,0,0,1,1
571764,28/6/2019,11:30:38 AM,0,0,0,1,0,0,0,0,0,0,1
1016109,28/6/2019,11:46:26 AM,0,0,0,0,0,0,0,0,0,1,1
846198,28/6/2019,12:01:21 PM,0,0,0,1,0,0,0,0,1,1,3
1401727,28/6/2019,12:15:02 PM,0,0,1,0,0,0,0,0,0,0,1
2610531,28/6/2019,12:25:26 PM,0,0,0,0,0,0,0,0,1,0,1
2055797,28/6/2019,12:34:36 PM,0,0,0,1,0,0,0,0,0,0,1
1350108,28/6/2019,12:47:14 PM,0,0,0,1,0,0,0,0,0,0,1
2843372,28/6/2019,12:59:28 PM,0,0,0,1,0,0,0,0,0,0,1
182441,28/6/2019,1:09:53 PM,0,0,0,1,0,0,0,0,0,2,3
897997,28/6/2019,1:21:57 PM,0,0,1,1,0,0,0,0,0,0,2
2044305,28/6/2019,1:31:07 PM,0,0,0,0,0,1,0,0,0,0,1
1020737,28/6/2019,1:43:54 PM,0,0,0,1,0,0,0,0,0,1,2
3315013,28/6/2019,1:53:03 PM,0,0,1,1,1,0,0,0,0,0,3
655800,28/6/2019,2:02:01 PM,0,0,1,0,0,0,0,0,0,0,1
2919153,28/6/2019,2:14:18 PM,0,0,0,0,0,1,0,0,0,0,1
1806618,28/6/2019,2:21:45 PM,0,0,0,1,0,1,0,0,0,0,2
725371,28/6/2019,2:32:37 PM,0,0,1,1,0,0,0,0,0,0,2
1712317,28/6/2019,2:44:07 PM,0,0,0,0,1,0,0,0,0,0,1
1396650,28/6/2019,2:50:51 PM,0,0,1,0,0,0,0,0,0,0,1
2837233,28/6/2019,3:02:37 PM,1,0,0,0,0,0,0,0,0,0,1
1776426,28/6/2019,3:15:42 PM,0,0,0,0,0,4,0,0,0,0,4
2555321,28/6/2019,3:27:39 PM,0,0,1,1,0,0,0,0,0,0,2
1891723,28/6/2019,3:37:54 PM,0,0,0,0,1,0,0,0,0,0,1
2713218,28/6/2019,3:47:18 PM,0,0,2,1,0,0,0,0,0,0,3
662950,28/6/2019,3:57:05 PM,1,0,0,0,0,0,0,0,0,0,1
3004617,28/6/2019,4:11:57 PM,0,0,0,2,0,0,0,0,0,0,2
1019737,28/6/2019,4:23:18 PM,0,0,0,0,1,1,0,0,1,0,3
2827790,28/6/2019,4:35:14 PM,0,0,0,1,0,0,0,0,0,0,1
751811,28/6/2019,4:48:13 PM,0,0,1,0,0,0,0,0,0,0,1
2149284,28/6/2019,5:00:26 PM,0,0,1,0,0,0,0,0,0,0,1
70005,28/6/2019,5:17:29 PM,0,0,0,0,0,0,0,0,1,0,1
2613021,28/6/2019,5:33:23 PM,0,0,0,1,0,0,0,0,0,0,1
731161,28/6/2019,5:44:41 PM,0,0,0,0,1,0,0,0,0,0,1
1846089,28/6/2019,5:54:37 PM,1,0,0,0,0,0,0,0,0,0,1
44241,28/6/2019,6:04:42 PM,0,0,0,1,0,0,0,0,0,1,2
197854,28/6/2019,6:20:27 PM,0,0,0,0,0,0,0,0,1,0,1
3243961,28/6/2019,6:34:39 PM,1,0,0,0,0,0,0,0,0,0,1
1997762,28/6/2019,6:48:38 PM,0,0,1,0,0,0,0,0,0,0,1
2100205,28/6/2019,7:08:11 PM,0,0,0,1,0,0,0,0,0,0,1
2819274,28/6/2019,7:28:57 PM,0,0,0,1,0,0,0,0,0,0,1
2888338,28/6/2019,7:45:36 PM,0,0,0,0,1,0,0,0,0,0,1
2480979,28/6/2019,8:13:35 PM,0,0,0,0,0,0,0,0,1,0,1
822906,28/6/2019,8:51:55 PM,0,0,0,1,0,0,0,0,0,0,1
1684970,28/6/2019,9:21:50 PM,0,0,0,0,0,0,0,0,0,1,1
1964627,28/6/2019,10:05:57 PM,0,0,0,0,1,1,0,0,0,1,3
1055817,28/6/2019,11:20:06 PM,0,0,0,1,0,0,0,0,0,0,1
1776513,29/6/2019,3:24:18 AM,0,0,0,0,1,0,0,0,0,1,2
1947416,29/6/2019,7:00:27 AM,0,0,0,0,1,0,0,0,0,0,1
1579155,29/6/2019,7:37:43 AM,1,0,0,0,1,0,0,0,0,0,2
2536438,29/6/2019,8:07:43 AM,0,0,0,0,0,0,0,0,1,0,1
1558722,29/6/2019,8:29:11 AM,0,0,0,1,0,0,0,0,1,0,2
1271264,29/6/2019,8:50:05 AM,0,1,0,1,0,0,0,0,0,0,2
1655697,29/6/2019,9:06:44 AM,1,0,0,0,0,0,0,0,0,0,1
1237541,29/6/2019,9:17:56 AM,2,0,0,0,0,0,0,0,0,0,2
1550154,29/6/2019,9:33:55 AM,0,0,0,0,0,1,0,0,0,0,1
1110547,29/6/2019,9:48:22 AM,0,0,1,1,0,0,0,0,0,0,2
1759408,29/6/2019,10:03:23 AM,0,0,0,1,0,0,0,0,0,0,1
2998130,29/6/2019,10:17:51 AM,0,1,0,0,0,0,0,0,0,0,1
1856464,29/6/2019,10:28:40 AM,1,0,0,0,0,0,0,0,0,0,1
2967216,29/6/2019,10:40:44 AM,0,0,0,1,0,0,0,0,0,0,1
512440,29/6/2019,10:56:43 AM,0,0,0,0,0,0,0,0,0,1,1
3106567,29/6/2019,11:07:13 AM,0,0,0,1,0,0,0,0,0,0,1
1497326,29/6/2019,11:20:59 AM,0,0,0,0,0,0,0,0,0,1,1
2681224,29/6/2019,11:31:28 AM,0,1,0,0,0,0,0,0,1,0,2
1311873,29/6/2019,11:46:50 AM,0,0,0,1,0,0,0,0,0,0,1
1996280,29/6/2019,12:01:21 PM,0,0,0,1,1,0,0,0,0,0,2
1366020,29/6/2019,12:15:43 PM,0,0,0,0,2,2,0,0,0,0,4
1255723,29/6/2019,12:25:34 PM,1,0,0,0,0,0,0,0,0,0,1
1353569,29/6/2019,12:34:38 PM,0,0,0,0,0,0,0,0,0,1,1
1099712,29/6/2019,12:47:20 PM,0,0,0,1,0,0,0,0,0,0,1
1914578,29/6/2019,12:59:53 PM,1,0,0,0,0,0,0,0,0,0,1
976435,29/6/2019,1:10:20 PM,1,0,0,2,0,0,0,0,0,1,4
2492144,29/6/2019,1:22:13 PM,0,0,0,1,0,0,0,0,0,0,1
3251309,29/6/2019,1:31:55 PM,0,0,0,1,0,0,0,0,0,0,1
220733,29/6/2019,1:44:09 PM,0,0,0,1,0,0,0,0,0,0,1
1135081,29/6/2019,1:53:20 PM,0,0,1,1,0,0,0,0,0,0,2
2389799,29/6/2019,2:02:08 PM,0,0,1,0,0,0,0,0,0,0,1
2442890,29/6/2019,2:14:29 PM,0,0,1,1,0,0,0,0,0,0,2
3054929,29/6/2019,2:23:13 PM,0,0,0,1,0,0,0,0,0,0,1
108586,29/6/2019,2:32:58 PM,0,0,2,0,0,0,1,0,0,0,3
2559031,29/6/2019,2:44:19 PM,0,0,2,0,0,0,0,0,0,0,2
1765811,29/6/2019,2:52:37 PM,0,0,0,0,1,0,0,0,0,0,1
3058585,29/6/2019,3:02:59 PM,1,0,0,0,0,0,0,0,0,0,1
997669,29/6/2019,3:15:48 PM,0,0,0,0,0,0,0,0,0,1,1
1449298,29/6/2019,3:28:02 PM,0,0,0,1,0,0,0,0,0,0,1
1802926,29/6/2019,3:38:17 PM,1,0,0,0,0,0,0,0,0,0,1
1661217,29/6/2019,3:47:22 PM,0,0,1,0,0,0,0,0,0,0,1
2852099,29/6/2019,3:57:22 PM,0,0,0,1,0,0,0,0,0,0,1
2690501,29/6/2019,4:12:22 PM,0,0,0,1,0,0,0,0,0,0,1
1003833,29/6/2019,4:23:27 PM,0,0,0,0,1,0,0,0,0,0,1
2415567,29/6/2019,4:36:44 PM,0,0,0,1,1,0,0,0,1,0,3
422786,29/6/2019,4:48:47 PM,0,0,0,1,0,0,0,0,0,0,1
2199921,29/6/2019,5:01:05 PM,0,0,0,0,0,0,0,0,1,1,2
60781,29/6/2019,5:17:34 PM,0,1,0,0,0,0,0,0,0,0,1
1961681,29/6/2019,5:33:24 PM,1,0,0,0,0,0,0,0,0,0,1
102053,29/6/2019,5:45:09 PM,0,0,0,1,0,0,0,0,0,1,2
2660936,29/6/2019,5:54:57 PM,0,0,1,0,0,0,0,0,0,0,1
196872,29/6/2019,6:05:10 PM,0,0,0,1,0,0,0,0,0,0,1
2448852,29/6/2019,6:20:44 PM,0,0,0,0,0,2,0,0,0,0,2
976870,29/6/2019,6:34:40 PM,0,0,0,2,0,0,0,0,0,0,2
2922627,29/6/2019,6:48:50 PM,0,0,0,1,0,0,0,0,0,0,1
3044622,29/6/2019,7:08:59 PM,0,0,0,0,0,0,0,0,0,1,1
1163648,29/6/2019,7:29:21 PM,1,0,2,0,0,0,0,0,0,2,5
82755,29/6/2019,7:45:43 PM,0,0,0,0,1,0,0,0,0,0,1
1906591,29/6/2019,8:16:30 PM,0,0,1,0,0,0,0,0,0,0,1
1589664,29/6/2019,8:52:03 PM,1,0,0,0,0,0,0,0,0,1,2
671670,29/6/2019,9:24:16 PM,0,0,0,1,0,0,0,0,0,1,2
3340221,29/6/2019,10:07:34 PM,0,0,0,1,0,0,0,0,0,0,1
367308,29/6/2019,11:23:08 PM,0,0,0,2,1,0,0,0,0,0,3
2889020,30/6/2019,4:08:39 AM,0,0,1,0,0,0,0,0,0,1,2
1838090,30/6/2019,7:01:34 AM,0,0,0,1,0,0,0,0,0,0,1
2049109,30/6/2019,7:41:00 AM,0,0,0,1,1,0,0,0,0,0,2
114621,30/6/2019,8:07:45 AM,0,0,0,0,0,0,0,0,0,1,1
765043,30/6/2019,8:29:36 AM,0,0,0,1,0,0,0,0,0,0,1
411916,30/6/2019,8:50:35 AM,0,0,0,0,1,0,0,0,0,0,1
1086644,30/6/2019,9:08:03 AM,0,0,0,1,1,1,0,0,0,1,4
373452,30/6/2019,9:17:57 AM,0,0,1,0,0,0,0,0,0,1,2
787058,30/6/2019,9:34:26 AM,0,0,0,0,0,0,0,0,1,0,1
2538777,30/6/2019,9:49:49 AM,0,0,0,0,0,1,0,0,0,0,1
1869518,30/6/2019,10:03:23 AM,0,0,0,0,0,0,0,0,0,1,1
365718,30/6/2019,10:18:02 AM,0,0,0,1,0,0,0,0,0,0,1
1150741,30/6/2019,10:29:09 AM,0,0,0,1,0,0,0,0,0,0,1
363439,30/6/2019,10:40:48 AM,0,0,0,0,0,0,0,0,0,2,2
2517669,30/6/2019,10:56:50 AM,0,0,0,0,1,0,0,0,0,0,1
1299122,30/6/2019,11:07:19 AM,0,0,0,1,0,0,0,0,0,0,1
1129509,30/6/2019,11:21:39 AM,0,0,1,1,0,0,0,0,0,0,2
1762493,30/6/2019,11:32:05 AM,1,0,0,0,0,0,0,0,0,0,1
2110144,30/6/2019,11:47:03 AM,0,0,0,1,0,0,0,0,0,0,1
1830141,30/6/2019,12:02:04 PM,0,0,0,1,0,0,0,0,0,0,1
1679923,30/6/2019,12:15:56 PM,0,0,0,0,0,0,0,0,0,1,1
484489,30/6/2019,12:26:22 PM,1,0,0,0,0,0,0,0,0,0,1
2624255,30/6/2019,12:34:39 PM,0,0,0,0,0,0,0,0,0,1,1
1140100,30/6/2019,12:47:22 PM,0,0,0,1,0,0,0,0,0,1,2
490691,30/6/2019,1:00:17 PM,0,0,0,1,0,0,0,0,0,0,1
83365,30/6/2019,1:10:26 PM,0,0,0,1,0,0,0,0,1,0,2
3217111,30/6/2019,1:22:32 PM,0,0,0,0,1,0,0,0,0,0,1
1508568,30/6/2019,1:31:56 PM,0,1,0,1,0,0,0,0,0,0,2
112919,30/6/2019,1:44:29 PM,0,0,0,1,0,0,0,0,1,0,2
1851880,30/6/2019,1:53:21 PM,0,0,0,1,0,0,0,0,0,0,1
1101866,30/6/2019,2:02:18 PM,0,0,0,0,0,0,0,0,0,1,1
1160613,30/6/2019,2:14:38 PM,0,0,0,1,0,0,0,0,1,0,2
1726528,30/6/2019,2:23:19 PM,0,0,0,1,1,0,0,0,0,1,3
2109798,30/6/2019,2:33:23 PM,0,0,0,0,0,0,0,0,0,1,1
3326269,30/6/2019,2:44:24 PM,0,0,0,1,0,0,0,0,0,0,1
1039541,30/6/2019,2:52:48 PM,0,0,0,1,0,0,0,0,0,0,1
609984,30/6/2019,3:03:24 PM,0,0,0,0,0,0,0,0,1,0,1
2297375,30/6/2019,3:16:22 PM,0,0,0,1,0,0,0,0,0,0,1
1320558,30/6/2019,3:28:34 PM,0,0,0,1,0,0,0,0,0,0,1
962603,30/6/2019,3:38:21 PM,0,0,0,1,0,0,0,0,0,0,1
94344,30/6/2019,3:48:32 PM,0,0,0,0,1,0,0,0,0,0,1
2439653,30/6/2019,3:57:45 PM,0,0,0,0,2,0,0,0,0,0,2
2394750,30/6/2019,4:12:36 PM,0,0,2,0,0,0,0,0,0,1,3
419211,30/6/2019,4:24:36 PM,0,0,0,1,0,0,0,0,0,0,1
128831,30/6/2019,4:36:52 PM,0,0,0,0,0,0,0,0,0,1,1
2861725,30/6/2019,4:48:53 PM,0,0,0,0,0,0,0,0,0,3,3
3234076,30/6/2019,5:01:22 PM,0,0,0,1,0,0,0,0,0,0,1
2019525,30/6/2019,5:18:18 PM,1,0,1,0,0,0,0,0,0,0,2
3268401,30/6/2019,5:33:58 PM,0,0,0,1,0,0,0,0,0,1,2
1811922,30/6/2019,5:45:11 PM,1,0,0,1,0,0,0,0,0,1,3
1213103,30/6/2019,5:54:58 PM,0,0,1,0,0,0,0,0,0,0,1
2389239,30/6/2019,6:05:25 PM,0,1,0,1,0,0,0,0,0,0,2
723458,30/6/2019,6:22:05 PM,0,0,1,0,0,0,0,0,0,0,1
2778929,30/6/2019,6:35:05 PM,0,0,0,1,0,0,0,0,0,0,1
2217588,30/6/2019,6:50:29 PM,0,0,0,1,0,0,0,0,0,0,1
95500,30/6/2019,7:09:19 PM,0,0,0,1,0,0,0,0,0,0,1
1416529,30/6/2019,7:29:29 PM,0,0,1,1,0,0,0,0,0,0,2
1074617,30/6/2019,7:46:52 PM,0,0,0,0,0,0,0,0,0,1,1
1749830,30/6/2019,8:17:23 PM,0,0,0,0,1,0,0,0,0,0,1
547283,30/6/2019,8:52:27 PM,0,0,0,1,0,0,0,0,0,0,1
1934441,30/6/2019,9:24:17 PM,1,0,0,0,0,0,0,0,0,0,1
1045182,30/6/2019,10:10:03 PM,0,0,0,1,1,0,0,0,0,0,2
723623,30/6/2019,11:24:41 PM,0,0,0,1,0,0,0,0,0,1,2
